FALSE,2,OBC,"int offset = AM_TLM_PAGE_SIZE * app_manager->page_no;
",,,,,,,,,,,,
subsystem,name,type,bit,var,conv,a0,a1,a2,a3,a4,a5,status,description,note,priority
,PH.VER,_uint16_t,3,,NONE,,,,,,,,,,
,PH.TYPE,,1,,NONE,,,,,,,,,,
,PH.SH_FLAG,,1,,NONE,,,,,,,,,,
,PH.APID,,11,,NONE,,,,,,,,,,
,PH.SEQ_FLAG,_uint16_t,2,,NONE,,,,,,,,,,
,PH.SEQ_COUNT,,14,,NONE,,,,,,,,,,
,PH.PACKET_LEN,uint16_t,,,NONE,,,,,,,,,,
,SH.VER,uint8_t,,,NONE,,,,,,,,,,
,SH.TI,uint32_t,,,NONE,,,,,,,,,,
,SH.TLM_ID,uint8_t,,,HEX,,,,,,,,,,
,SH.GLOBAL_TIME,double,,,NONE,,,,,,,,,,
,SH.ON_BOARD_SUBNET_TIME,uint32_t,,,NONE,,,,,,,,,,
,SH.DEST_FLAGS,uint8_t,,,HEX,,,,,,,,,,
,SH.DEST_INFO,uint8_t,,,NONE,,,,,,,,,,
,PAGE_NO,uint8_t,,(uint8_t)(app_manager->page_no),NONE,,,,,,,,,,
,APP0_INITIALIZER,uint32_t,,(uint32_t)(app_manager->ais[offset+0].initializer),HEX,,,,,,,,,,
,APP0_ENTRYPOINT,uint32_t,,(uint32_t)(app_manager->ais[offset+0].entry_point),HEX,,,,,,,,,,
,APP0_INIT_PROC_TIME,uint16_t,,(uint16_t)(app_manager->ais[offset+0].init_duration),NONE,,,,,,,,,,
,APP0_PREV_PROC_TIME,uint16_t,,(uint16_t)(app_manager->ais[offset+0].prev),NONE,,,,,,,,,,
,APP0_MIN_PROC_TIME,uint16_t,,(uint16_t)(app_manager->ais[offset+0].min),NONE,,,,,,,,,,
,APP0_MAX_PROC_TIME,uint16_t,,(uint16_t)(app_manager->ais[offset+0].max),NONE,,,,,,,,,,
,APP1_INITIALIZER,uint32_t,,(uint32_t)(app_manager->ais[offset+1].initializer),HEX,,,,,,,,,,
,APP1_ENTRYPOINT,uint32_t,,(uint32_t)(app_manager->ais[offset+1].entry_point),HEX,,,,,,,,,,
,APP1_INIT_PROC_TIME,uint16_t,,(uint16_t)(app_manager->ais[offset+1].init_duration),NONE,,,,,,,,,,
,APP1_PREV_PROC_TIME,uint16_t,,(uint16_t)(app_manager->ais[offset+1].prev),NONE,,,,,,,,,,
,APP1_MIN_PROC_TIME,uint16_t,,(uint16_t)(app_manager->ais[offset+1].min),NONE,,,,,,,,,,
,APP1_MAX_PROC_TIME,uint16_t,,(uint16_t)(app_manager->ais[offset+1].max),NONE,,,,,,,,,,
,APP2_INITIALIZER,uint32_t,,(uint32_t)(app_manager->ais[offset+2].initializer),HEX,,,,,,,,,,
,APP2_ENTRYPOINT,uint32_t,,(uint32_t)(app_manager->ais[offset+2].entry_point),HEX,,,,,,,,,,
,APP2_INIT_PROC_TIME,uint16_t,,(uint16_t)(app_manager->ais[offset+2].init_duration),NONE,,,,,,,,,,
,APP2_PREV_PROC_TIME,uint16_t,,(uint16_t)(app_manager->ais[offset+2].prev),NONE,,,,,,,,,,
,APP2_MIN_PROC_TIME,uint16_t,,(uint16_t)(app_manager->ais[offset+2].min),NONE,,,,,,,,,,
,APP2_MAX_PROC_TIME,uint16_t,,(uint16_t)(app_manager->ais[offset+2].max),NONE,,,,,,,,,,
,APP3_INITIALIZER,uint32_t,,(uint32_t)(app_manager->ais[offset+3].initializer),HEX,,,,,,,,,,
,APP3_ENTRYPOINT,uint32_t,,(uint32_t)(app_manager->ais[offset+3].entry_point),HEX,,,,,,,,,,
,APP3_INIT_PROC_TIME,uint16_t,,(uint16_t)(app_manager->ais[offset+3].init_duration),NONE,,,,,,,,,,
,APP3_PREV_PROC_TIME,uint16_t,,(uint16_t)(app_manager->ais[offset+3].prev),NONE,,,,,,,,,,
,APP3_MIN_PROC_TIME,uint16_t,,(uint16_t)(app_manager->ais[offset+3].min),NONE,,,,,,,,,,
,APP3_MAX_PROC_TIME,uint16_t,,(uint16_t)(app_manager->ais[offset+3].max),NONE,,,,,,,,,,
,APP4_INITIALIZER,uint32_t,,(uint32_t)(app_manager->ais[offset+4].initializer),HEX,,,,,,,,,,
,APP4_ENTRYPOINT,uint32_t,,(uint32_t)(app_manager->ais[offset+4].entry_point),HEX,,,,,,,,,,
,APP4_INIT_PROC_TIME,uint16_t,,(uint16_t)(app_manager->ais[offset+4].init_duration),NONE,,,,,,,,,,
,APP4_PREV_PROC_TIME,uint16_t,,(uint16_t)(app_manager->ais[offset+4].prev),NONE,,,,,,,,,,
,APP4_MIN_PROC_TIME,uint16_t,,(uint16_t)(app_manager->ais[offset+4].min),NONE,,,,,,,,,,
,APP4_MAX_PROC_TIME,uint16_t,,(uint16_t)(app_manager->ais[offset+4].max),NONE,,,,,,,,,,
,APP5_INITIALIZER,uint32_t,,(uint32_t)(app_manager->ais[offset+5].initializer),HEX,,,,,,,,,,
,APP5_ENTRYPOINT,uint32_t,,(uint32_t)(app_manager->ais[offset+5].entry_point),HEX,,,,,,,,,,
,APP5_INIT_PROC_TIME,uint16_t,,(uint16_t)(app_manager->ais[offset+5].init_duration),NONE,,,,,,,,,,
,APP5_PREV_PROC_TIME,uint16_t,,(uint16_t)(app_manager->ais[offset+5].prev),NONE,,,,,,,,,,
,APP5_MIN_PROC_TIME,uint16_t,,(uint16_t)(app_manager->ais[offset+5].min),NONE,,,,,,,,,,
,APP5_MAX_PROC_TIME,uint16_t,,(uint16_t)(app_manager->ais[offset+5].max),NONE,,,,,,,,,,
,APP6_INITIALIZER,uint32_t,,(uint32_t)(app_manager->ais[offset+6].initializer),HEX,,,,,,,,,,
,APP6_ENTRYPOINT,uint32_t,,(uint32_t)(app_manager->ais[offset+6].entry_point),HEX,,,,,,,,,,
,APP6_INIT_PROC_TIME,uint16_t,,(uint16_t)(app_manager->ais[offset+6].init_duration),NONE,,,,,,,,,,
,APP6_PREV_PROC_TIME,uint16_t,,(uint16_t)(app_manager->ais[offset+6].prev),NONE,,,,,,,,,,
,APP6_MIN_PROC_TIME,uint16_t,,(uint16_t)(app_manager->ais[offset+6].min),NONE,,,,,,,,,,
,APP6_MAX_PROC_TIME,uint16_t,,(uint16_t)(app_manager->ais[offset+6].max),NONE,,,,,,,,,,
,APP7_INITIALIZER,uint32_t,,(uint32_t)(app_manager->ais[offset+7].initializer),HEX,,,,,,,,,,
,APP7_ENTRYPOINT,uint32_t,,(uint32_t)(app_manager->ais[offset+7].entry_point),HEX,,,,,,,,,,
,APP7_INIT_PROC_TIME,uint16_t,,(uint16_t)(app_manager->ais[offset+7].init_duration),NONE,,,,,,,,,,
,APP7_PREV_PROC_TIME,uint16_t,,(uint16_t)(app_manager->ais[offset+7].prev),NONE,,,,,,,,,,
,APP7_MIN_PROC_TIME,uint16_t,,(uint16_t)(app_manager->ais[offset+7].min),NONE,,,,,,,,,,
,APP7_MAX_PROC_TIME,uint16_t,,(uint16_t)(app_manager->ais[offset+7].max),NONE,,,,,,,,,,
,APP8_INITIALIZER,uint32_t,,(uint32_t)(app_manager->ais[offset+8].initializer),HEX,,,,,,,,,,
,APP8_ENTRYPOINT,uint32_t,,(uint32_t)(app_manager->ais[offset+8].entry_point),HEX,,,,,,,,,,
,APP8_INIT_PROC_TIME,uint16_t,,(uint16_t)(app_manager->ais[offset+8].init_duration),NONE,,,,,,,,,,
,APP8_PREV_PROC_TIME,uint16_t,,(uint16_t)(app_manager->ais[offset+8].prev),NONE,,,,,,,,,,
,APP8_MIN_PROC_TIME,uint16_t,,(uint16_t)(app_manager->ais[offset+8].min),NONE,,,,,,,,,,
,APP8_MAX_PROC_TIME,uint16_t,,(uint16_t)(app_manager->ais[offset+8].max),NONE,,,,,,,,,,
,APP9_INITIALIZER,uint32_t,,(uint32_t)(app_manager->ais[offset+9].initializer),HEX,,,,,,,,,,
,APP9_ENTRYPOINT,uint32_t,,(uint32_t)(app_manager->ais[offset+9].entry_point),HEX,,,,,,,,,,
,APP9_INIT_PROC_TIME,uint16_t,,(uint16_t)(app_manager->ais[offset+9].init_duration),NONE,,,,,,,,,,
,APP9_PREV_PROC_TIME,uint16_t,,(uint16_t)(app_manager->ais[offset+9].prev),NONE,,,,,,,,,,
,APP9_MIN_PROC_TIME,uint16_t,,(uint16_t)(app_manager->ais[offset+9].min),NONE,,,,,,,,,,
,APP9_MAX_PROC_TIME,uint16_t,,(uint16_t)(app_manager->ais[offset+9].max),NONE,,,,,,,,,,
,APP10_INITIALIZER,uint32_t,,(uint32_t)(app_manager->ais[offset+10].initializer),HEX,,,,,,,,,,
,APP10_ENTRYPOINT,uint32_t,,(uint32_t)(app_manager->ais[offset+10].entry_point),HEX,,,,,,,,,,
,APP10_INIT_PROC_TIME,uint16_t,,(uint16_t)(app_manager->ais[offset+10].init_duration),NONE,,,,,,,,,,
,APP10_PREV_PROC_TIME,uint16_t,,(uint16_t)(app_manager->ais[offset+10].prev),NONE,,,,,,,,,,
,APP10_MIN_PROC_TIME,uint16_t,,(uint16_t)(app_manager->ais[offset+10].min),NONE,,,,,,,,,,
,APP10_MAX_PROC_TIME,uint16_t,,(uint16_t)(app_manager->ais[offset+10].max),NONE,,,,,,,,,,
,APP11_INITIALIZER,uint32_t,,(uint32_t)(app_manager->ais[offset+11].initializer),HEX,,,,,,,,,,
,APP11_ENTRYPOINT,uint32_t,,(uint32_t)(app_manager->ais[offset+11].entry_point),HEX,,,,,,,,,,
,APP11_INIT_PROC_TIME,uint16_t,,(uint16_t)(app_manager->ais[offset+11].init_duration),NONE,,,,,,,,,,
,APP11_PREV_PROC_TIME,uint16_t,,(uint16_t)(app_manager->ais[offset+11].prev),NONE,,,,,,,,,,
,APP11_MIN_PROC_TIME,uint16_t,,(uint16_t)(app_manager->ais[offset+11].min),NONE,,,,,,,,,,
,APP11_MAX_PROC_TIME,uint16_t,,(uint16_t)(app_manager->ais[offset+11].max),NONE,,,,,,,,,,
,APP12_INITIALIZER,uint32_t,,(uint32_t)(app_manager->ais[offset+12].initializer),HEX,,,,,,,,,,
,APP12_ENTRYPOINT,uint32_t,,(uint32_t)(app_manager->ais[offset+12].entry_point),HEX,,,,,,,,,,
,APP12_INIT_PROC_TIME,uint16_t,,(uint16_t)(app_manager->ais[offset+12].init_duration),NONE,,,,,,,,,,
,APP12_PREV_PROC_TIME,uint16_t,,(uint16_t)(app_manager->ais[offset+12].prev),NONE,,,,,,,,,,
,APP12_MIN_PROC_TIME,uint16_t,,(uint16_t)(app_manager->ais[offset+12].min),NONE,,,,,,,,,,
,APP12_MAX_PROC_TIME,uint16_t,,(uint16_t)(app_manager->ais[offset+12].max),NONE,,,,,,,,,,
,APP13_INITIALIZER,uint32_t,,(uint32_t)(app_manager->ais[offset+13].initializer),HEX,,,,,,,,,,
,APP13_ENTRYPOINT,uint32_t,,(uint32_t)(app_manager->ais[offset+13].entry_point),HEX,,,,,,,,,,
,APP13_INIT_PROC_TIME,uint16_t,,(uint16_t)(app_manager->ais[offset+13].init_duration),NONE,,,,,,,,,,
,APP13_PREV_PROC_TIME,uint16_t,,(uint16_t)(app_manager->ais[offset+13].prev),NONE,,,,,,,,,,
,APP13_MIN_PROC_TIME,uint16_t,,(uint16_t)(app_manager->ais[offset+13].min),NONE,,,,,,,,,,
,APP13_MAX_PROC_TIME,uint16_t,,(uint16_t)(app_manager->ais[offset+13].max),NONE,,,,,,,,,,
,APP14_INITIALIZER,uint32_t,,(uint32_t)(app_manager->ais[offset+14].initializer),HEX,,,,,,,,,,
,APP14_ENTRYPOINT,uint32_t,,(uint32_t)(app_manager->ais[offset+14].entry_point),HEX,,,,,,,,,,
,APP14_INIT_PROC_TIME,uint16_t,,(uint16_t)(app_manager->ais[offset+14].init_duration),NONE,,,,,,,,,,
,APP14_PREV_PROC_TIME,uint16_t,,(uint16_t)(app_manager->ais[offset+14].prev),NONE,,,,,,,,,,
,APP14_MIN_PROC_TIME,uint16_t,,(uint16_t)(app_manager->ais[offset+14].min),NONE,,,,,,,,,,
,APP14_MAX_PROC_TIME,uint16_t,,(uint16_t)(app_manager->ais[offset+14].max),NONE,,,,,,,,,,
,APP15_INITIALIZER,uint32_t,,(uint32_t)(app_manager->ais[offset+15].initializer),HEX,,,,,,,,,,
,APP15_ENTRYPOINT,uint32_t,,(uint32_t)(app_manager->ais[offset+15].entry_point),HEX,,,,,,,,,,
,APP15_INIT_PROC_TIME,uint16_t,,(uint16_t)(app_manager->ais[offset+15].init_duration),NONE,,,,,,,,,,
,APP15_PREV_PROC_TIME,uint16_t,,(uint16_t)(app_manager->ais[offset+15].prev),NONE,,,,,,,,,,
,APP15_MIN_PROC_TIME,uint16_t,,(uint16_t)(app_manager->ais[offset+15].min),NONE,,,,,,,,,,
,APP15_MAX_PROC_TIME,uint16_t,,(uint16_t)(app_manager->ais[offset+15].max),NONE,,,,,,,,,,
