FALSE,7,OBC,"uint16_t offset = event_handler->tlm_info.rule_sorted_index.page_no * EH_RULE_TLM_PAGE_SIZE;
",,,,,,,,,,,,
subsystem,name,type,bit,var,conv,a0,a1,a2,a3,a4,a5,status,description,note,priority
,PH.VER,_uint16_t,3,,NONE,,,,,,,,,,
,PH.TYPE,,1,,NONE,,,,,,,,,,
,PH.SH_FLAG,,1,,NONE,,,,,,,,,,
,PH.APID,,11,,NONE,,,,,,,,,,
,PH.SEQ_FLAG,_uint16_t,2,,NONE,,,,,,,,,,
,PH.SEQ_COUNT,,14,,NONE,,,,,,,,,,
,PH.PACKET_LEN,uint16_t,,,NONE,,,,,,,,,,
,SH.VER,uint8_t,,,NONE,,,,,,,,,,
,SH.TI,uint32_t,,,NONE,,,,,,,,,,
,SH.TLM_ID,uint8_t,,,HEX,,,,,,,,,,
,SH.GLOBAL_TIME,double,,,NONE,,,,,,,,,,
,SH.ON_BOARD_SUBNET_TIME,uint32_t,,,NONE,,,,,,,,,,
,SH.DEST_FLAGS,uint8_t,,,HEX,,,,,,,,,,
,SH.DEST_INFO,uint8_t,,,NONE,,,,,,,,,,
,TLM_INFO.RULE_SORTED_INDEX.PAGE_NO,uint8_t,,event_handler->tlm_info.rule_sorted_index.page_no,NONE,,,,,,,,,,
,IDX0.GROUP,uint8_t,,(uint8_t)event_handler->sorted_idxes[0 + offset].group,NONE,,,,,,,,,,
,IDX0.LOCAL,uint32_t,,event_handler->sorted_idxes[0 + offset].local,NONE,,,,,,,,,,
,IDX0.DUPLICATE_ID,uint8_t,,event_handler->sorted_idxes[0 + offset].duplicate_id,NONE,,,,,,,,,,
,IDX0.RULE_ID,uint8_t,,(uint8_t)event_handler->sorted_idxes[0 + offset].rule_id,NONE,,,,,,,,,,
,IDX1.GROUP,uint8_t,,(uint8_t)event_handler->sorted_idxes[1 + offset].group,NONE,,,,,,,,,,
,IDX1.LOCAL,uint32_t,,event_handler->sorted_idxes[1 + offset].local,NONE,,,,,,,,,,
,IDX1.DUPLICATE_ID,uint8_t,,event_handler->sorted_idxes[1 + offset].duplicate_id,NONE,,,,,,,,,,
,IDX1.RULE_ID,uint8_t,,(uint8_t)event_handler->sorted_idxes[1 + offset].rule_id,NONE,,,,,,,,,,
,IDX2.GROUP,uint8_t,,(uint8_t)event_handler->sorted_idxes[2 + offset].group,NONE,,,,,,,,,,
,IDX2.LOCAL,uint32_t,,event_handler->sorted_idxes[2 + offset].local,NONE,,,,,,,,,,
,IDX2.DUPLICATE_ID,uint8_t,,event_handler->sorted_idxes[2 + offset].duplicate_id,NONE,,,,,,,,,,
,IDX2.RULE_ID,uint8_t,,(uint8_t)event_handler->sorted_idxes[2 + offset].rule_id,NONE,,,,,,,,,,
,IDX3.GROUP,uint8_t,,(uint8_t)event_handler->sorted_idxes[3 + offset].group,NONE,,,,,,,,,,
,IDX3.LOCAL,uint32_t,,event_handler->sorted_idxes[3 + offset].local,NONE,,,,,,,,,,
,IDX3.DUPLICATE_ID,uint8_t,,event_handler->sorted_idxes[3 + offset].duplicate_id,NONE,,,,,,,,,,
,IDX3.RULE_ID,uint8_t,,(uint8_t)event_handler->sorted_idxes[3 + offset].rule_id,NONE,,,,,,,,,,
,IDX4.GROUP,uint8_t,,(uint8_t)event_handler->sorted_idxes[4 + offset].group,NONE,,,,,,,,,,
,IDX4.LOCAL,uint32_t,,event_handler->sorted_idxes[4 + offset].local,NONE,,,,,,,,,,
,IDX4.DUPLICATE_ID,uint8_t,,event_handler->sorted_idxes[4 + offset].duplicate_id,NONE,,,,,,,,,,
,IDX4.RULE_ID,uint8_t,,(uint8_t)event_handler->sorted_idxes[4 + offset].rule_id,NONE,,,,,,,,,,
,IDX5.GROUP,uint8_t,,(uint8_t)event_handler->sorted_idxes[5 + offset].group,NONE,,,,,,,,,,
,IDX5.LOCAL,uint32_t,,event_handler->sorted_idxes[5 + offset].local,NONE,,,,,,,,,,
,IDX5.DUPLICATE_ID,uint8_t,,event_handler->sorted_idxes[5 + offset].duplicate_id,NONE,,,,,,,,,,
,IDX5.RULE_ID,uint8_t,,(uint8_t)event_handler->sorted_idxes[5 + offset].rule_id,NONE,,,,,,,,,,
,IDX6.GROUP,uint8_t,,(uint8_t)event_handler->sorted_idxes[6 + offset].group,NONE,,,,,,,,,,
,IDX6.LOCAL,uint32_t,,event_handler->sorted_idxes[6 + offset].local,NONE,,,,,,,,,,
,IDX6.DUPLICATE_ID,uint8_t,,event_handler->sorted_idxes[6 + offset].duplicate_id,NONE,,,,,,,,,,
,IDX6.RULE_ID,uint8_t,,(uint8_t)event_handler->sorted_idxes[6 + offset].rule_id,NONE,,,,,,,,,,
,IDX7.GROUP,uint8_t,,(uint8_t)event_handler->sorted_idxes[7 + offset].group,NONE,,,,,,,,,,
,IDX7.LOCAL,uint32_t,,event_handler->sorted_idxes[7 + offset].local,NONE,,,,,,,,,,
,IDX7.DUPLICATE_ID,uint8_t,,event_handler->sorted_idxes[7 + offset].duplicate_id,NONE,,,,,,,,,,
,IDX7.RULE_ID,uint8_t,,(uint8_t)event_handler->sorted_idxes[7 + offset].rule_id,NONE,,,,,,,,,,
,IDX8.GROUP,uint8_t,,(uint8_t)event_handler->sorted_idxes[8 + offset].group,NONE,,,,,,,,,,
,IDX8.LOCAL,uint32_t,,event_handler->sorted_idxes[8 + offset].local,NONE,,,,,,,,,,
,IDX8.DUPLICATE_ID,uint8_t,,event_handler->sorted_idxes[8 + offset].duplicate_id,NONE,,,,,,,,,,
,IDX8.RULE_ID,uint8_t,,(uint8_t)event_handler->sorted_idxes[8 + offset].rule_id,NONE,,,,,,,,,,
,IDX9.GROUP,uint8_t,,(uint8_t)event_handler->sorted_idxes[9 + offset].group,NONE,,,,,,,,,,
,IDX9.LOCAL,uint32_t,,event_handler->sorted_idxes[9 + offset].local,NONE,,,,,,,,,,
,IDX9.DUPLICATE_ID,uint8_t,,event_handler->sorted_idxes[9 + offset].duplicate_id,NONE,,,,,,,,,,
,IDX9.RULE_ID,uint8_t,,(uint8_t)event_handler->sorted_idxes[9 + offset].rule_id,NONE,,,,,,,,,,
,IDX10.GROUP,uint8_t,,(uint8_t)event_handler->sorted_idxes[10 + offset].group,NONE,,,,,,,,,,
,IDX10.LOCAL,uint32_t,,event_handler->sorted_idxes[10 + offset].local,NONE,,,,,,,,,,
,IDX10.DUPLICATE_ID,uint8_t,,event_handler->sorted_idxes[10 + offset].duplicate_id,NONE,,,,,,,,,,
,IDX10.RULE_ID,uint8_t,,(uint8_t)event_handler->sorted_idxes[10 + offset].rule_id,NONE,,,,,,,,,,
,IDX11.GROUP,uint8_t,,(uint8_t)event_handler->sorted_idxes[11 + offset].group,NONE,,,,,,,,,,
,IDX11.LOCAL,uint32_t,,event_handler->sorted_idxes[11 + offset].local,NONE,,,,,,,,,,
,IDX11.DUPLICATE_ID,uint8_t,,event_handler->sorted_idxes[11 + offset].duplicate_id,NONE,,,,,,,,,,
,IDX11.RULE_ID,uint8_t,,(uint8_t)event_handler->sorted_idxes[11 + offset].rule_id,NONE,,,,,,,,,,
,IDX12.GROUP,uint8_t,,(uint8_t)event_handler->sorted_idxes[12 + offset].group,NONE,,,,,,,,,,
,IDX12.LOCAL,uint32_t,,event_handler->sorted_idxes[12 + offset].local,NONE,,,,,,,,,,
,IDX12.DUPLICATE_ID,uint8_t,,event_handler->sorted_idxes[12 + offset].duplicate_id,NONE,,,,,,,,,,
,IDX12.RULE_ID,uint8_t,,(uint8_t)event_handler->sorted_idxes[12 + offset].rule_id,NONE,,,,,,,,,,
,IDX13.GROUP,uint8_t,,(uint8_t)event_handler->sorted_idxes[13 + offset].group,NONE,,,,,,,,,,
,IDX13.LOCAL,uint32_t,,event_handler->sorted_idxes[13 + offset].local,NONE,,,,,,,,,,
,IDX13.DUPLICATE_ID,uint8_t,,event_handler->sorted_idxes[13 + offset].duplicate_id,NONE,,,,,,,,,,
,IDX13.RULE_ID,uint8_t,,(uint8_t)event_handler->sorted_idxes[13 + offset].rule_id,NONE,,,,,,,,,,
,IDX14.GROUP,uint8_t,,(uint8_t)event_handler->sorted_idxes[14 + offset].group,NONE,,,,,,,,,,
,IDX14.LOCAL,uint32_t,,event_handler->sorted_idxes[14 + offset].local,NONE,,,,,,,,,,
,IDX14.DUPLICATE_ID,uint8_t,,event_handler->sorted_idxes[14 + offset].duplicate_id,NONE,,,,,,,,,,
,IDX14.RULE_ID,uint8_t,,(uint8_t)event_handler->sorted_idxes[14 + offset].rule_id,NONE,,,,,,,,,,
,IDX15.GROUP,uint8_t,,(uint8_t)event_handler->sorted_idxes[15 + offset].group,NONE,,,,,,,,,,
,IDX15.LOCAL,uint32_t,,event_handler->sorted_idxes[15 + offset].local,NONE,,,,,,,,,,
,IDX15.DUPLICATE_ID,uint8_t,,event_handler->sorted_idxes[15 + offset].duplicate_id,NONE,,,,,,,,,,
,IDX15.RULE_ID,uint8_t,,(uint8_t)event_handler->sorted_idxes[15 + offset].rule_id,NONE,,,,,,,,,,
,IDX16.GROUP,uint8_t,,(uint8_t)event_handler->sorted_idxes[16 + offset].group,NONE,,,,,,,,,,
,IDX16.LOCAL,uint32_t,,event_handler->sorted_idxes[16 + offset].local,NONE,,,,,,,,,,
,IDX16.DUPLICATE_ID,uint8_t,,event_handler->sorted_idxes[16 + offset].duplicate_id,NONE,,,,,,,,,,
,IDX16.RULE_ID,uint8_t,,(uint8_t)event_handler->sorted_idxes[16 + offset].rule_id,NONE,,,,,,,,,,
,IDX17.GROUP,uint8_t,,(uint8_t)event_handler->sorted_idxes[17 + offset].group,NONE,,,,,,,,,,
,IDX17.LOCAL,uint32_t,,event_handler->sorted_idxes[17 + offset].local,NONE,,,,,,,,,,
,IDX17.DUPLICATE_ID,uint8_t,,event_handler->sorted_idxes[17 + offset].duplicate_id,NONE,,,,,,,,,,
,IDX17.RULE_ID,uint8_t,,(uint8_t)event_handler->sorted_idxes[17 + offset].rule_id,NONE,,,,,,,,,,
,IDX18.GROUP,uint8_t,,(uint8_t)event_handler->sorted_idxes[18 + offset].group,NONE,,,,,,,,,,
,IDX18.LOCAL,uint32_t,,event_handler->sorted_idxes[18 + offset].local,NONE,,,,,,,,,,
,IDX18.DUPLICATE_ID,uint8_t,,event_handler->sorted_idxes[18 + offset].duplicate_id,NONE,,,,,,,,,,
,IDX18.RULE_ID,uint8_t,,(uint8_t)event_handler->sorted_idxes[18 + offset].rule_id,NONE,,,,,,,,,,
,IDX19.GROUP,uint8_t,,(uint8_t)event_handler->sorted_idxes[19 + offset].group,NONE,,,,,,,,,,
,IDX19.LOCAL,uint32_t,,event_handler->sorted_idxes[19 + offset].local,NONE,,,,,,,,,,
,IDX19.DUPLICATE_ID,uint8_t,,event_handler->sorted_idxes[19 + offset].duplicate_id,NONE,,,,,,,,,,
,IDX19.RULE_ID,uint8_t,,(uint8_t)event_handler->sorted_idxes[19 + offset].rule_id,NONE,,,,,,,,,,
