FALSE,8,OBC,"uint16_t offset = event_handler->tlm_info.log.page_no * EH_LOG_TLM_PAGE_SIZE;
",,,,,,,,,,,,
subsystem,name,type,bit,var,conv,a0,a1,a2,a3,a4,a5,status,description,note,priority
,PH.VER,_uint16_t,3,,NONE,,,,,,,,,,
,PH.TYPE,,1,,NONE,,,,,,,,,,
,PH.SH_FLAG,,1,,NONE,,,,,,,,,,
,PH.APID,,11,,NONE,,,,,,,,,,
,PH.SEQ_FLAG,_uint16_t,2,,NONE,,,,,,,,,,
,PH.SEQ_COUNT,,14,,NONE,,,,,,,,,,
,PH.PACKET_LEN,uint16_t,,,NONE,,,,,,,,,,
,SH.VER,uint8_t,,,NONE,,,,,,,,,,
,SH.TI,uint32_t,,,NONE,,,,,,,,,,
,SH.TLM_ID,uint8_t,,,HEX,,,,,,,,,,
,SH.GLOBAL_TIME,double,,,NONE,,,,,,,,,,
,SH.ON_BOARD_SUBNET_TIME,uint32_t,,,NONE,,,,,,,,,,
,SH.DEST_FLAGS,uint8_t,,,HEX,,,,,,,,,,
,SH.DEST_INFO,uint8_t,,,NONE,,,,,,,,,,
,TLM_INFO.LOG.PAGE_NO,uint8_t,,event_handler->tlm_info.log.page_no,NONE,,,,,,,,,,
,LOG_TABLE.RESPOND_COUNTER,uint32_t,,event_handler->log_table.respond_counter,NONE,,,,,,,,,,
,LOG_TABLE.LOG_WP,uint16_t,,event_handler->log_table.log_wp,NONE,,,,,,,,,,
,LOG0.RULE_ID,uint8_t,,(uint8_t)EH_get_the_nth_log_from_the_latest((uint16_t)(0 + offset))->rule_id,NONE,,,,,,,,,,
,LOG0.RESPOND_TIME_IN_MASTER_CYCLE,uint32_t,,EH_get_the_nth_log_from_the_latest((uint16_t)(0 + offset))->respond_time_in_master_cycle,NONE,,,,,,,,,,
,LOG0.DEPLOY_CMD_ACK,int8_t,,(int8_t)EH_get_the_nth_log_from_the_latest((uint16_t)(0 + offset))->deploy_cmd_ack,NONE,,,,,,,,,,
,LOG1.RULE_ID,uint8_t,,(uint8_t)EH_get_the_nth_log_from_the_latest((uint16_t)(1 + offset))->rule_id,NONE,,,,,,,,,,
,LOG1.RESPOND_TIME_IN_MASTER_CYCLE,uint32_t,,EH_get_the_nth_log_from_the_latest((uint16_t)(1 + offset))->respond_time_in_master_cycle,NONE,,,,,,,,,,
,LOG1.DEPLOY_CMD_ACK,int8_t,,(int8_t)EH_get_the_nth_log_from_the_latest((uint16_t)(1 + offset))->deploy_cmd_ack,NONE,,,,,,,,,,
,LOG2.RULE_ID,uint8_t,,(uint8_t)EH_get_the_nth_log_from_the_latest((uint16_t)(2 + offset))->rule_id,NONE,,,,,,,,,,
,LOG2.RESPOND_TIME_IN_MASTER_CYCLE,uint32_t,,EH_get_the_nth_log_from_the_latest((uint16_t)(2 + offset))->respond_time_in_master_cycle,NONE,,,,,,,,,,
,LOG2.DEPLOY_CMD_ACK,int8_t,,(int8_t)EH_get_the_nth_log_from_the_latest((uint16_t)(2 + offset))->deploy_cmd_ack,NONE,,,,,,,,,,
,LOG3.RULE_ID,uint8_t,,(uint8_t)EH_get_the_nth_log_from_the_latest((uint16_t)(3 + offset))->rule_id,NONE,,,,,,,,,,
,LOG3.RESPOND_TIME_IN_MASTER_CYCLE,uint32_t,,EH_get_the_nth_log_from_the_latest((uint16_t)(3 + offset))->respond_time_in_master_cycle,NONE,,,,,,,,,,
,LOG3.DEPLOY_CMD_ACK,int8_t,,(int8_t)EH_get_the_nth_log_from_the_latest((uint16_t)(3 + offset))->deploy_cmd_ack,NONE,,,,,,,,,,
,LOG4.RULE_ID,uint8_t,,(uint8_t)EH_get_the_nth_log_from_the_latest((uint16_t)(4 + offset))->rule_id,NONE,,,,,,,,,,
,LOG4.RESPOND_TIME_IN_MASTER_CYCLE,uint32_t,,EH_get_the_nth_log_from_the_latest((uint16_t)(4 + offset))->respond_time_in_master_cycle,NONE,,,,,,,,,,
,LOG4.DEPLOY_CMD_ACK,int8_t,,(int8_t)EH_get_the_nth_log_from_the_latest((uint16_t)(4 + offset))->deploy_cmd_ack,NONE,,,,,,,,,,
,LOG5.RULE_ID,uint8_t,,(uint8_t)EH_get_the_nth_log_from_the_latest((uint16_t)(5 + offset))->rule_id,NONE,,,,,,,,,,
,LOG5.RESPOND_TIME_IN_MASTER_CYCLE,uint32_t,,EH_get_the_nth_log_from_the_latest((uint16_t)(5 + offset))->respond_time_in_master_cycle,NONE,,,,,,,,,,
,LOG5.DEPLOY_CMD_ACK,int8_t,,(int8_t)EH_get_the_nth_log_from_the_latest((uint16_t)(5 + offset))->deploy_cmd_ack,NONE,,,,,,,,,,
,LOG6.RULE_ID,uint8_t,,(uint8_t)EH_get_the_nth_log_from_the_latest((uint16_t)(6 + offset))->rule_id,NONE,,,,,,,,,,
,LOG6.RESPOND_TIME_IN_MASTER_CYCLE,uint32_t,,EH_get_the_nth_log_from_the_latest((uint16_t)(6 + offset))->respond_time_in_master_cycle,NONE,,,,,,,,,,
,LOG6.DEPLOY_CMD_ACK,int8_t,,(int8_t)EH_get_the_nth_log_from_the_latest((uint16_t)(6 + offset))->deploy_cmd_ack,NONE,,,,,,,,,,
,LOG7.RULE_ID,uint8_t,,(uint8_t)EH_get_the_nth_log_from_the_latest((uint16_t)(7 + offset))->rule_id,NONE,,,,,,,,,,
,LOG7.RESPOND_TIME_IN_MASTER_CYCLE,uint32_t,,EH_get_the_nth_log_from_the_latest((uint16_t)(7 + offset))->respond_time_in_master_cycle,NONE,,,,,,,,,,
,LOG7.DEPLOY_CMD_ACK,int8_t,,(int8_t)EH_get_the_nth_log_from_the_latest((uint16_t)(7 + offset))->deploy_cmd_ack,NONE,,,,,,,,,,
,LOG8.RULE_ID,uint8_t,,(uint8_t)EH_get_the_nth_log_from_the_latest((uint16_t)(8 + offset))->rule_id,NONE,,,,,,,,,,
,LOG8.RESPOND_TIME_IN_MASTER_CYCLE,uint32_t,,EH_get_the_nth_log_from_the_latest((uint16_t)(8 + offset))->respond_time_in_master_cycle,NONE,,,,,,,,,,
,LOG8.DEPLOY_CMD_ACK,int8_t,,(int8_t)EH_get_the_nth_log_from_the_latest((uint16_t)(8 + offset))->deploy_cmd_ack,NONE,,,,,,,,,,
,LOG9.RULE_ID,uint8_t,,(uint8_t)EH_get_the_nth_log_from_the_latest((uint16_t)(9 + offset))->rule_id,NONE,,,,,,,,,,
,LOG9.RESPOND_TIME_IN_MASTER_CYCLE,uint32_t,,EH_get_the_nth_log_from_the_latest((uint16_t)(9 + offset))->respond_time_in_master_cycle,NONE,,,,,,,,,,
,LOG9.DEPLOY_CMD_ACK,int8_t,,(int8_t)EH_get_the_nth_log_from_the_latest((uint16_t)(9 + offset))->deploy_cmd_ack,NONE,,,,,,,,,,
,LOG10.RULE_ID,uint8_t,,(uint8_t)EH_get_the_nth_log_from_the_latest((uint16_t)(10 + offset))->rule_id,NONE,,,,,,,,,,
,LOG10.RESPOND_TIME_IN_MASTER_CYCLE,uint32_t,,EH_get_the_nth_log_from_the_latest((uint16_t)(10 + offset))->respond_time_in_master_cycle,NONE,,,,,,,,,,
,LOG10.DEPLOY_CMD_ACK,int8_t,,(int8_t)EH_get_the_nth_log_from_the_latest((uint16_t)(10 + offset))->deploy_cmd_ack,NONE,,,,,,,,,,
,LOG11.RULE_ID,uint8_t,,(uint8_t)EH_get_the_nth_log_from_the_latest((uint16_t)(11 + offset))->rule_id,NONE,,,,,,,,,,
,LOG11.RESPOND_TIME_IN_MASTER_CYCLE,uint32_t,,EH_get_the_nth_log_from_the_latest((uint16_t)(11 + offset))->respond_time_in_master_cycle,NONE,,,,,,,,,,
,LOG11.DEPLOY_CMD_ACK,int8_t,,(int8_t)EH_get_the_nth_log_from_the_latest((uint16_t)(11 + offset))->deploy_cmd_ack,NONE,,,,,,,,,,
,LOG12.RULE_ID,uint8_t,,(uint8_t)EH_get_the_nth_log_from_the_latest((uint16_t)(12 + offset))->rule_id,NONE,,,,,,,,,,
,LOG12.RESPOND_TIME_IN_MASTER_CYCLE,uint32_t,,EH_get_the_nth_log_from_the_latest((uint16_t)(12 + offset))->respond_time_in_master_cycle,NONE,,,,,,,,,,
,LOG12.DEPLOY_CMD_ACK,int8_t,,(int8_t)EH_get_the_nth_log_from_the_latest((uint16_t)(12 + offset))->deploy_cmd_ack,NONE,,,,,,,,,,
,LOG13.RULE_ID,uint8_t,,(uint8_t)EH_get_the_nth_log_from_the_latest((uint16_t)(13 + offset))->rule_id,NONE,,,,,,,,,,
,LOG13.RESPOND_TIME_IN_MASTER_CYCLE,uint32_t,,EH_get_the_nth_log_from_the_latest((uint16_t)(13 + offset))->respond_time_in_master_cycle,NONE,,,,,,,,,,
,LOG13.DEPLOY_CMD_ACK,int8_t,,(int8_t)EH_get_the_nth_log_from_the_latest((uint16_t)(13 + offset))->deploy_cmd_ack,NONE,,,,,,,,,,
,LOG14.RULE_ID,uint8_t,,(uint8_t)EH_get_the_nth_log_from_the_latest((uint16_t)(14 + offset))->rule_id,NONE,,,,,,,,,,
,LOG14.RESPOND_TIME_IN_MASTER_CYCLE,uint32_t,,EH_get_the_nth_log_from_the_latest((uint16_t)(14 + offset))->respond_time_in_master_cycle,NONE,,,,,,,,,,
,LOG14.DEPLOY_CMD_ACK,int8_t,,(int8_t)EH_get_the_nth_log_from_the_latest((uint16_t)(14 + offset))->deploy_cmd_ack,NONE,,,,,,,,,,
,LOG15.RULE_ID,uint8_t,,(uint8_t)EH_get_the_nth_log_from_the_latest((uint16_t)(15 + offset))->rule_id,NONE,,,,,,,,,,
,LOG15.RESPOND_TIME_IN_MASTER_CYCLE,uint32_t,,EH_get_the_nth_log_from_the_latest((uint16_t)(15 + offset))->respond_time_in_master_cycle,NONE,,,,,,,,,,
,LOG15.DEPLOY_CMD_ACK,int8_t,,(int8_t)EH_get_the_nth_log_from_the_latest((uint16_t)(15 + offset))->deploy_cmd_ack,NONE,,,,,,,,,,
,LOG16.RULE_ID,uint8_t,,(uint8_t)EH_get_the_nth_log_from_the_latest((uint16_t)(16 + offset))->rule_id,NONE,,,,,,,,,,
,LOG16.RESPOND_TIME_IN_MASTER_CYCLE,uint32_t,,EH_get_the_nth_log_from_the_latest((uint16_t)(16 + offset))->respond_time_in_master_cycle,NONE,,,,,,,,,,
,LOG16.DEPLOY_CMD_ACK,int8_t,,(int8_t)EH_get_the_nth_log_from_the_latest((uint16_t)(16 + offset))->deploy_cmd_ack,NONE,,,,,,,,,,
,LOG17.RULE_ID,uint8_t,,(uint8_t)EH_get_the_nth_log_from_the_latest((uint16_t)(17 + offset))->rule_id,NONE,,,,,,,,,,
,LOG17.RESPOND_TIME_IN_MASTER_CYCLE,uint32_t,,EH_get_the_nth_log_from_the_latest((uint16_t)(17 + offset))->respond_time_in_master_cycle,NONE,,,,,,,,,,
,LOG17.DEPLOY_CMD_ACK,int8_t,,(int8_t)EH_get_the_nth_log_from_the_latest((uint16_t)(17 + offset))->deploy_cmd_ack,NONE,,,,,,,,,,
,LOG18.RULE_ID,uint8_t,,(uint8_t)EH_get_the_nth_log_from_the_latest((uint16_t)(18 + offset))->rule_id,NONE,,,,,,,,,,
,LOG18.RESPOND_TIME_IN_MASTER_CYCLE,uint32_t,,EH_get_the_nth_log_from_the_latest((uint16_t)(18 + offset))->respond_time_in_master_cycle,NONE,,,,,,,,,,
,LOG18.DEPLOY_CMD_ACK,int8_t,,(int8_t)EH_get_the_nth_log_from_the_latest((uint16_t)(18 + offset))->deploy_cmd_ack,NONE,,,,,,,,,,
,LOG19.RULE_ID,uint8_t,,(uint8_t)EH_get_the_nth_log_from_the_latest((uint16_t)(19 + offset))->rule_id,NONE,,,,,,,,,,
,LOG19.RESPOND_TIME_IN_MASTER_CYCLE,uint32_t,,EH_get_the_nth_log_from_the_latest((uint16_t)(19 + offset))->respond_time_in_master_cycle,NONE,,,,,,,,,,
,LOG19.DEPLOY_CMD_ACK,int8_t,,(int8_t)EH_get_the_nth_log_from_the_latest((uint16_t)(19 + offset))->deploy_cmd_ack,NONE,,,,,,,,,,
,LOG20.RULE_ID,uint8_t,,(uint8_t)EH_get_the_nth_log_from_the_latest((uint16_t)(20 + offset))->rule_id,NONE,,,,,,,,,,
,LOG20.RESPOND_TIME_IN_MASTER_CYCLE,uint32_t,,EH_get_the_nth_log_from_the_latest((uint16_t)(20 + offset))->respond_time_in_master_cycle,NONE,,,,,,,,,,
,LOG20.DEPLOY_CMD_ACK,int8_t,,(int8_t)EH_get_the_nth_log_from_the_latest((uint16_t)(20 + offset))->deploy_cmd_ack,NONE,,,,,,,,,,
,LOG21.RULE_ID,uint8_t,,(uint8_t)EH_get_the_nth_log_from_the_latest((uint16_t)(21 + offset))->rule_id,NONE,,,,,,,,,,
,LOG21.RESPOND_TIME_IN_MASTER_CYCLE,uint32_t,,EH_get_the_nth_log_from_the_latest((uint16_t)(21 + offset))->respond_time_in_master_cycle,NONE,,,,,,,,,,
,LOG21.DEPLOY_CMD_ACK,int8_t,,(int8_t)EH_get_the_nth_log_from_the_latest((uint16_t)(21 + offset))->deploy_cmd_ack,NONE,,,,,,,,,,
,LOG22.RULE_ID,uint8_t,,(uint8_t)EH_get_the_nth_log_from_the_latest((uint16_t)(22 + offset))->rule_id,NONE,,,,,,,,,,
,LOG22.RESPOND_TIME_IN_MASTER_CYCLE,uint32_t,,EH_get_the_nth_log_from_the_latest((uint16_t)(22 + offset))->respond_time_in_master_cycle,NONE,,,,,,,,,,
,LOG22.DEPLOY_CMD_ACK,int8_t,,(int8_t)EH_get_the_nth_log_from_the_latest((uint16_t)(22 + offset))->deploy_cmd_ack,NONE,,,,,,,,,,
,LOG23.RULE_ID,uint8_t,,(uint8_t)EH_get_the_nth_log_from_the_latest((uint16_t)(23 + offset))->rule_id,NONE,,,,,,,,,,
,LOG23.RESPOND_TIME_IN_MASTER_CYCLE,uint32_t,,EH_get_the_nth_log_from_the_latest((uint16_t)(23 + offset))->respond_time_in_master_cycle,NONE,,,,,,,,,,
,LOG23.DEPLOY_CMD_ACK,int8_t,,(int8_t)EH_get_the_nth_log_from_the_latest((uint16_t)(23 + offset))->deploy_cmd_ack,NONE,,,,,,,,,,
,LOG24.RULE_ID,uint8_t,,(uint8_t)EH_get_the_nth_log_from_the_latest((uint16_t)(24 + offset))->rule_id,NONE,,,,,,,,,,
,LOG24.RESPOND_TIME_IN_MASTER_CYCLE,uint32_t,,EH_get_the_nth_log_from_the_latest((uint16_t)(24 + offset))->respond_time_in_master_cycle,NONE,,,,,,,,,,
,LOG24.DEPLOY_CMD_ACK,int8_t,,(int8_t)EH_get_the_nth_log_from_the_latest((uint16_t)(24 + offset))->deploy_cmd_ack,NONE,,,,,,,,,,
,LOG25.RULE_ID,uint8_t,,(uint8_t)EH_get_the_nth_log_from_the_latest((uint16_t)(25 + offset))->rule_id,NONE,,,,,,,,,,
,LOG25.RESPOND_TIME_IN_MASTER_CYCLE,uint32_t,,EH_get_the_nth_log_from_the_latest((uint16_t)(25 + offset))->respond_time_in_master_cycle,NONE,,,,,,,,,,
,LOG25.DEPLOY_CMD_ACK,int8_t,,(int8_t)EH_get_the_nth_log_from_the_latest((uint16_t)(25 + offset))->deploy_cmd_ack,NONE,,,,,,,,,,
,LOG26.RULE_ID,uint8_t,,(uint8_t)EH_get_the_nth_log_from_the_latest((uint16_t)(26 + offset))->rule_id,NONE,,,,,,,,,,
,LOG26.RESPOND_TIME_IN_MASTER_CYCLE,uint32_t,,EH_get_the_nth_log_from_the_latest((uint16_t)(26 + offset))->respond_time_in_master_cycle,NONE,,,,,,,,,,
,LOG26.DEPLOY_CMD_ACK,int8_t,,(int8_t)EH_get_the_nth_log_from_the_latest((uint16_t)(26 + offset))->deploy_cmd_ack,NONE,,,,,,,,,,
,LOG27.RULE_ID,uint8_t,,(uint8_t)EH_get_the_nth_log_from_the_latest((uint16_t)(27 + offset))->rule_id,NONE,,,,,,,,,,
,LOG27.RESPOND_TIME_IN_MASTER_CYCLE,uint32_t,,EH_get_the_nth_log_from_the_latest((uint16_t)(27 + offset))->respond_time_in_master_cycle,NONE,,,,,,,,,,
,LOG27.DEPLOY_CMD_ACK,int8_t,,(int8_t)EH_get_the_nth_log_from_the_latest((uint16_t)(27 + offset))->deploy_cmd_ack,NONE,,,,,,,,,,
,LOG28.RULE_ID,uint8_t,,(uint8_t)EH_get_the_nth_log_from_the_latest((uint16_t)(28 + offset))->rule_id,NONE,,,,,,,,,,
,LOG28.RESPOND_TIME_IN_MASTER_CYCLE,uint32_t,,EH_get_the_nth_log_from_the_latest((uint16_t)(28 + offset))->respond_time_in_master_cycle,NONE,,,,,,,,,,
,LOG28.DEPLOY_CMD_ACK,int8_t,,(int8_t)EH_get_the_nth_log_from_the_latest((uint16_t)(28 + offset))->deploy_cmd_ack,NONE,,,,,,,,,,
,LOG29.RULE_ID,uint8_t,,(uint8_t)EH_get_the_nth_log_from_the_latest((uint16_t)(29 + offset))->rule_id,NONE,,,,,,,,,,
,LOG29.RESPOND_TIME_IN_MASTER_CYCLE,uint32_t,,EH_get_the_nth_log_from_the_latest((uint16_t)(29 + offset))->respond_time_in_master_cycle,NONE,,,,,,,,,,
,LOG29.DEPLOY_CMD_ACK,int8_t,,(int8_t)EH_get_the_nth_log_from_the_latest((uint16_t)(29 + offset))->deploy_cmd_ack,NONE,,,,,,,,,,
,LOG30.RULE_ID,uint8_t,,(uint8_t)EH_get_the_nth_log_from_the_latest((uint16_t)(30 + offset))->rule_id,NONE,,,,,,,,,,
,LOG30.RESPOND_TIME_IN_MASTER_CYCLE,uint32_t,,EH_get_the_nth_log_from_the_latest((uint16_t)(30 + offset))->respond_time_in_master_cycle,NONE,,,,,,,,,,
,LOG30.DEPLOY_CMD_ACK,int8_t,,(int8_t)EH_get_the_nth_log_from_the_latest((uint16_t)(30 + offset))->deploy_cmd_ack,NONE,,,,,,,,,,
,LOG31.RULE_ID,uint8_t,,(uint8_t)EH_get_the_nth_log_from_the_latest((uint16_t)(31 + offset))->rule_id,NONE,,,,,,,,,,
,LOG31.RESPOND_TIME_IN_MASTER_CYCLE,uint32_t,,EH_get_the_nth_log_from_the_latest((uint16_t)(31 + offset))->respond_time_in_master_cycle,NONE,,,,,,,,,,
,LOG31.DEPLOY_CMD_ACK,int8_t,,(int8_t)EH_get_the_nth_log_from_the_latest((uint16_t)(31 + offset))->deploy_cmd_ack,NONE,,,,,,,,,,
,LOG32.RULE_ID,uint8_t,,(uint8_t)EH_get_the_nth_log_from_the_latest((uint16_t)(32 + offset))->rule_id,NONE,,,,,,,,,,
,LOG32.RESPOND_TIME_IN_MASTER_CYCLE,uint32_t,,EH_get_the_nth_log_from_the_latest((uint16_t)(32 + offset))->respond_time_in_master_cycle,NONE,,,,,,,,,,
,LOG32.DEPLOY_CMD_ACK,int8_t,,(int8_t)EH_get_the_nth_log_from_the_latest((uint16_t)(32 + offset))->deploy_cmd_ack,NONE,,,,,,,,,,
,LOG33.RULE_ID,uint8_t,,(uint8_t)EH_get_the_nth_log_from_the_latest((uint16_t)(33 + offset))->rule_id,NONE,,,,,,,,,,
,LOG33.RESPOND_TIME_IN_MASTER_CYCLE,uint32_t,,EH_get_the_nth_log_from_the_latest((uint16_t)(33 + offset))->respond_time_in_master_cycle,NONE,,,,,,,,,,
,LOG33.DEPLOY_CMD_ACK,int8_t,,(int8_t)EH_get_the_nth_log_from_the_latest((uint16_t)(33 + offset))->deploy_cmd_ack,NONE,,,,,,,,,,
,LOG34.RULE_ID,uint8_t,,(uint8_t)EH_get_the_nth_log_from_the_latest((uint16_t)(34 + offset))->rule_id,NONE,,,,,,,,,,
,LOG34.RESPOND_TIME_IN_MASTER_CYCLE,uint32_t,,EH_get_the_nth_log_from_the_latest((uint16_t)(34 + offset))->respond_time_in_master_cycle,NONE,,,,,,,,,,
,LOG34.DEPLOY_CMD_ACK,int8_t,,(int8_t)EH_get_the_nth_log_from_the_latest((uint16_t)(34 + offset))->deploy_cmd_ack,NONE,,,,,,,,,,
,LOG35.RULE_ID,uint8_t,,(uint8_t)EH_get_the_nth_log_from_the_latest((uint16_t)(35 + offset))->rule_id,NONE,,,,,,,,,,
,LOG35.RESPOND_TIME_IN_MASTER_CYCLE,uint32_t,,EH_get_the_nth_log_from_the_latest((uint16_t)(35 + offset))->respond_time_in_master_cycle,NONE,,,,,,,,,,
,LOG35.DEPLOY_CMD_ACK,int8_t,,(int8_t)EH_get_the_nth_log_from_the_latest((uint16_t)(35 + offset))->deploy_cmd_ack,NONE,,,,,,,,,,
,LOG36.RULE_ID,uint8_t,,(uint8_t)EH_get_the_nth_log_from_the_latest((uint16_t)(36 + offset))->rule_id,NONE,,,,,,,,,,
,LOG36.RESPOND_TIME_IN_MASTER_CYCLE,uint32_t,,EH_get_the_nth_log_from_the_latest((uint16_t)(36 + offset))->respond_time_in_master_cycle,NONE,,,,,,,,,,
,LOG36.DEPLOY_CMD_ACK,int8_t,,(int8_t)EH_get_the_nth_log_from_the_latest((uint16_t)(36 + offset))->deploy_cmd_ack,NONE,,,,,,,,,,
,LOG37.RULE_ID,uint8_t,,(uint8_t)EH_get_the_nth_log_from_the_latest((uint16_t)(37 + offset))->rule_id,NONE,,,,,,,,,,
,LOG37.RESPOND_TIME_IN_MASTER_CYCLE,uint32_t,,EH_get_the_nth_log_from_the_latest((uint16_t)(37 + offset))->respond_time_in_master_cycle,NONE,,,,,,,,,,
,LOG37.DEPLOY_CMD_ACK,int8_t,,(int8_t)EH_get_the_nth_log_from_the_latest((uint16_t)(37 + offset))->deploy_cmd_ack,NONE,,,,,,,,,,
,LOG38.RULE_ID,uint8_t,,(uint8_t)EH_get_the_nth_log_from_the_latest((uint16_t)(38 + offset))->rule_id,NONE,,,,,,,,,,
,LOG38.RESPOND_TIME_IN_MASTER_CYCLE,uint32_t,,EH_get_the_nth_log_from_the_latest((uint16_t)(38 + offset))->respond_time_in_master_cycle,NONE,,,,,,,,,,
,LOG38.DEPLOY_CMD_ACK,int8_t,,(int8_t)EH_get_the_nth_log_from_the_latest((uint16_t)(38 + offset))->deploy_cmd_ack,NONE,,,,,,,,,,
,LOG39.RULE_ID,uint8_t,,(uint8_t)EH_get_the_nth_log_from_the_latest((uint16_t)(39 + offset))->rule_id,NONE,,,,,,,,,,
,LOG39.RESPOND_TIME_IN_MASTER_CYCLE,uint32_t,,EH_get_the_nth_log_from_the_latest((uint16_t)(39 + offset))->respond_time_in_master_cycle,NONE,,,,,,,,,,
,LOG39.DEPLOY_CMD_ACK,int8_t,,(int8_t)EH_get_the_nth_log_from_the_latest((uint16_t)(39 + offset))->deploy_cmd_ack,NONE,,,,,,,,,,
,LOG40.RULE_ID,uint8_t,,(uint8_t)EH_get_the_nth_log_from_the_latest((uint16_t)(40 + offset))->rule_id,NONE,,,,,,,,,,
,LOG40.RESPOND_TIME_IN_MASTER_CYCLE,uint32_t,,EH_get_the_nth_log_from_the_latest((uint16_t)(40 + offset))->respond_time_in_master_cycle,NONE,,,,,,,,,,
,LOG40.DEPLOY_CMD_ACK,int8_t,,(int8_t)EH_get_the_nth_log_from_the_latest((uint16_t)(40 + offset))->deploy_cmd_ack,NONE,,,,,,,,,,
,LOG41.RULE_ID,uint8_t,,(uint8_t)EH_get_the_nth_log_from_the_latest((uint16_t)(41 + offset))->rule_id,NONE,,,,,,,,,,
,LOG41.RESPOND_TIME_IN_MASTER_CYCLE,uint32_t,,EH_get_the_nth_log_from_the_latest((uint16_t)(41 + offset))->respond_time_in_master_cycle,NONE,,,,,,,,,,
,LOG41.DEPLOY_CMD_ACK,int8_t,,(int8_t)EH_get_the_nth_log_from_the_latest((uint16_t)(41 + offset))->deploy_cmd_ack,NONE,,,,,,,,,,
,LOG42.RULE_ID,uint8_t,,(uint8_t)EH_get_the_nth_log_from_the_latest((uint16_t)(42 + offset))->rule_id,NONE,,,,,,,,,,
,LOG42.RESPOND_TIME_IN_MASTER_CYCLE,uint32_t,,EH_get_the_nth_log_from_the_latest((uint16_t)(42 + offset))->respond_time_in_master_cycle,NONE,,,,,,,,,,
,LOG42.DEPLOY_CMD_ACK,int8_t,,(int8_t)EH_get_the_nth_log_from_the_latest((uint16_t)(42 + offset))->deploy_cmd_ack,NONE,,,,,,,,,,
,LOG43.RULE_ID,uint8_t,,(uint8_t)EH_get_the_nth_log_from_the_latest((uint16_t)(43 + offset))->rule_id,NONE,,,,,,,,,,
,LOG43.RESPOND_TIME_IN_MASTER_CYCLE,uint32_t,,EH_get_the_nth_log_from_the_latest((uint16_t)(43 + offset))->respond_time_in_master_cycle,NONE,,,,,,,,,,
,LOG43.DEPLOY_CMD_ACK,int8_t,,(int8_t)EH_get_the_nth_log_from_the_latest((uint16_t)(43 + offset))->deploy_cmd_ack,NONE,,,,,,,,,,
,LOG44.RULE_ID,uint8_t,,(uint8_t)EH_get_the_nth_log_from_the_latest((uint16_t)(44 + offset))->rule_id,NONE,,,,,,,,,,
,LOG44.RESPOND_TIME_IN_MASTER_CYCLE,uint32_t,,EH_get_the_nth_log_from_the_latest((uint16_t)(44 + offset))->respond_time_in_master_cycle,NONE,,,,,,,,,,
,LOG44.DEPLOY_CMD_ACK,int8_t,,(int8_t)EH_get_the_nth_log_from_the_latest((uint16_t)(44 + offset))->deploy_cmd_ack,NONE,,,,,,,,,,
,LOG45.RULE_ID,uint8_t,,(uint8_t)EH_get_the_nth_log_from_the_latest((uint16_t)(45 + offset))->rule_id,NONE,,,,,,,,,,
,LOG45.RESPOND_TIME_IN_MASTER_CYCLE,uint32_t,,EH_get_the_nth_log_from_the_latest((uint16_t)(45 + offset))->respond_time_in_master_cycle,NONE,,,,,,,,,,
,LOG45.DEPLOY_CMD_ACK,int8_t,,(int8_t)EH_get_the_nth_log_from_the_latest((uint16_t)(45 + offset))->deploy_cmd_ack,NONE,,,,,,,,,,
,LOG46.RULE_ID,uint8_t,,(uint8_t)EH_get_the_nth_log_from_the_latest((uint16_t)(46 + offset))->rule_id,NONE,,,,,,,,,,
,LOG46.RESPOND_TIME_IN_MASTER_CYCLE,uint32_t,,EH_get_the_nth_log_from_the_latest((uint16_t)(46 + offset))->respond_time_in_master_cycle,NONE,,,,,,,,,,
,LOG46.DEPLOY_CMD_ACK,int8_t,,(int8_t)EH_get_the_nth_log_from_the_latest((uint16_t)(46 + offset))->deploy_cmd_ack,NONE,,,,,,,,,,
,LOG47.RULE_ID,uint8_t,,(uint8_t)EH_get_the_nth_log_from_the_latest((uint16_t)(47 + offset))->rule_id,NONE,,,,,,,,,,
,LOG47.RESPOND_TIME_IN_MASTER_CYCLE,uint32_t,,EH_get_the_nth_log_from_the_latest((uint16_t)(47 + offset))->respond_time_in_master_cycle,NONE,,,,,,,,,,
,LOG47.DEPLOY_CMD_ACK,int8_t,,(int8_t)EH_get_the_nth_log_from_the_latest((uint16_t)(47 + offset))->deploy_cmd_ack,NONE,,,,,,,,,,
,LOG48.RULE_ID,uint8_t,,(uint8_t)EH_get_the_nth_log_from_the_latest((uint16_t)(48 + offset))->rule_id,NONE,,,,,,,,,,
,LOG48.RESPOND_TIME_IN_MASTER_CYCLE,uint32_t,,EH_get_the_nth_log_from_the_latest((uint16_t)(48 + offset))->respond_time_in_master_cycle,NONE,,,,,,,,,,
,LOG48.DEPLOY_CMD_ACK,int8_t,,(int8_t)EH_get_the_nth_log_from_the_latest((uint16_t)(48 + offset))->deploy_cmd_ack,NONE,,,,,,,,,,
,LOG49.RULE_ID,uint8_t,,(uint8_t)EH_get_the_nth_log_from_the_latest((uint16_t)(49 + offset))->rule_id,NONE,,,,,,,,,,
,LOG49.RESPOND_TIME_IN_MASTER_CYCLE,uint32_t,,EH_get_the_nth_log_from_the_latest((uint16_t)(49 + offset))->respond_time_in_master_cycle,NONE,,,,,,,,,,
,LOG49.DEPLOY_CMD_ACK,int8_t,,(int8_t)EH_get_the_nth_log_from_the_latest((uint16_t)(49 + offset))->deploy_cmd_ack,NONE,,,,,,,,,,
,LOG50.RULE_ID,uint8_t,,(uint8_t)EH_get_the_nth_log_from_the_latest((uint16_t)(50 + offset))->rule_id,NONE,,,,,,,,,,
,LOG50.RESPOND_TIME_IN_MASTER_CYCLE,uint32_t,,EH_get_the_nth_log_from_the_latest((uint16_t)(50 + offset))->respond_time_in_master_cycle,NONE,,,,,,,,,,
,LOG50.DEPLOY_CMD_ACK,int8_t,,(int8_t)EH_get_the_nth_log_from_the_latest((uint16_t)(50 + offset))->deploy_cmd_ack,NONE,,,,,,,,,,
,LOG51.RULE_ID,uint8_t,,(uint8_t)EH_get_the_nth_log_from_the_latest((uint16_t)(51 + offset))->rule_id,NONE,,,,,,,,,,
,LOG51.RESPOND_TIME_IN_MASTER_CYCLE,uint32_t,,EH_get_the_nth_log_from_the_latest((uint16_t)(51 + offset))->respond_time_in_master_cycle,NONE,,,,,,,,,,
,LOG51.DEPLOY_CMD_ACK,int8_t,,(int8_t)EH_get_the_nth_log_from_the_latest((uint16_t)(51 + offset))->deploy_cmd_ack,NONE,,,,,,,,,,
,LOG52.RULE_ID,uint8_t,,(uint8_t)EH_get_the_nth_log_from_the_latest((uint16_t)(52 + offset))->rule_id,NONE,,,,,,,,,,
,LOG52.RESPOND_TIME_IN_MASTER_CYCLE,uint32_t,,EH_get_the_nth_log_from_the_latest((uint16_t)(52 + offset))->respond_time_in_master_cycle,NONE,,,,,,,,,,
,LOG52.DEPLOY_CMD_ACK,int8_t,,(int8_t)EH_get_the_nth_log_from_the_latest((uint16_t)(52 + offset))->deploy_cmd_ack,NONE,,,,,,,,,,
,LOG53.RULE_ID,uint8_t,,(uint8_t)EH_get_the_nth_log_from_the_latest((uint16_t)(53 + offset))->rule_id,NONE,,,,,,,,,,
,LOG53.RESPOND_TIME_IN_MASTER_CYCLE,uint32_t,,EH_get_the_nth_log_from_the_latest((uint16_t)(53 + offset))->respond_time_in_master_cycle,NONE,,,,,,,,,,
,LOG53.DEPLOY_CMD_ACK,int8_t,,(int8_t)EH_get_the_nth_log_from_the_latest((uint16_t)(53 + offset))->deploy_cmd_ack,NONE,,,,,,,,,,
,LOG54.RULE_ID,uint8_t,,(uint8_t)EH_get_the_nth_log_from_the_latest((uint16_t)(54 + offset))->rule_id,NONE,,,,,,,,,,
,LOG54.RESPOND_TIME_IN_MASTER_CYCLE,uint32_t,,EH_get_the_nth_log_from_the_latest((uint16_t)(54 + offset))->respond_time_in_master_cycle,NONE,,,,,,,,,,
,LOG54.DEPLOY_CMD_ACK,int8_t,,(int8_t)EH_get_the_nth_log_from_the_latest((uint16_t)(54 + offset))->deploy_cmd_ack,NONE,,,,,,,,,,
,LOG55.RULE_ID,uint8_t,,(uint8_t)EH_get_the_nth_log_from_the_latest((uint16_t)(55 + offset))->rule_id,NONE,,,,,,,,,,
,LOG55.RESPOND_TIME_IN_MASTER_CYCLE,uint32_t,,EH_get_the_nth_log_from_the_latest((uint16_t)(55 + offset))->respond_time_in_master_cycle,NONE,,,,,,,,,,
,LOG55.DEPLOY_CMD_ACK,int8_t,,(int8_t)EH_get_the_nth_log_from_the_latest((uint16_t)(55 + offset))->deploy_cmd_ack,NONE,,,,,,,,,,
,LOG56.RULE_ID,uint8_t,,(uint8_t)EH_get_the_nth_log_from_the_latest((uint16_t)(56 + offset))->rule_id,NONE,,,,,,,,,,
,LOG56.RESPOND_TIME_IN_MASTER_CYCLE,uint32_t,,EH_get_the_nth_log_from_the_latest((uint16_t)(56 + offset))->respond_time_in_master_cycle,NONE,,,,,,,,,,
,LOG56.DEPLOY_CMD_ACK,int8_t,,(int8_t)EH_get_the_nth_log_from_the_latest((uint16_t)(56 + offset))->deploy_cmd_ack,NONE,,,,,,,,,,
,LOG57.RULE_ID,uint8_t,,(uint8_t)EH_get_the_nth_log_from_the_latest((uint16_t)(57 + offset))->rule_id,NONE,,,,,,,,,,
,LOG57.RESPOND_TIME_IN_MASTER_CYCLE,uint32_t,,EH_get_the_nth_log_from_the_latest((uint16_t)(57 + offset))->respond_time_in_master_cycle,NONE,,,,,,,,,,
,LOG57.DEPLOY_CMD_ACK,int8_t,,(int8_t)EH_get_the_nth_log_from_the_latest((uint16_t)(57 + offset))->deploy_cmd_ack,NONE,,,,,,,,,,
,LOG58.RULE_ID,uint8_t,,(uint8_t)EH_get_the_nth_log_from_the_latest((uint16_t)(58 + offset))->rule_id,NONE,,,,,,,,,,
,LOG58.RESPOND_TIME_IN_MASTER_CYCLE,uint32_t,,EH_get_the_nth_log_from_the_latest((uint16_t)(58 + offset))->respond_time_in_master_cycle,NONE,,,,,,,,,,
,LOG58.DEPLOY_CMD_ACK,int8_t,,(int8_t)EH_get_the_nth_log_from_the_latest((uint16_t)(58 + offset))->deploy_cmd_ack,NONE,,,,,,,,,,
,LOG59.RULE_ID,uint8_t,,(uint8_t)EH_get_the_nth_log_from_the_latest((uint16_t)(59 + offset))->rule_id,NONE,,,,,,,,,,
,LOG59.RESPOND_TIME_IN_MASTER_CYCLE,uint32_t,,EH_get_the_nth_log_from_the_latest((uint16_t)(59 + offset))->respond_time_in_master_cycle,NONE,,,,,,,,,,
,LOG59.DEPLOY_CMD_ACK,int8_t,,(int8_t)EH_get_the_nth_log_from_the_latest((uint16_t)(59 + offset))->deploy_cmd_ack,NONE,,,,,,,,,,
,LOG60.RULE_ID,uint8_t,,(uint8_t)EH_get_the_nth_log_from_the_latest((uint16_t)(60 + offset))->rule_id,NONE,,,,,,,,,,
,LOG60.RESPOND_TIME_IN_MASTER_CYCLE,uint32_t,,EH_get_the_nth_log_from_the_latest((uint16_t)(60 + offset))->respond_time_in_master_cycle,NONE,,,,,,,,,,
,LOG60.DEPLOY_CMD_ACK,int8_t,,(int8_t)EH_get_the_nth_log_from_the_latest((uint16_t)(60 + offset))->deploy_cmd_ack,NONE,,,,,,,,,,
,LOG61.RULE_ID,uint8_t,,(uint8_t)EH_get_the_nth_log_from_the_latest((uint16_t)(61 + offset))->rule_id,NONE,,,,,,,,,,
,LOG61.RESPOND_TIME_IN_MASTER_CYCLE,uint32_t,,EH_get_the_nth_log_from_the_latest((uint16_t)(61 + offset))->respond_time_in_master_cycle,NONE,,,,,,,,,,
,LOG61.DEPLOY_CMD_ACK,int8_t,,(int8_t)EH_get_the_nth_log_from_the_latest((uint16_t)(61 + offset))->deploy_cmd_ack,NONE,,,,,,,,,,
,LOG62.RULE_ID,uint8_t,,(uint8_t)EH_get_the_nth_log_from_the_latest((uint16_t)(62 + offset))->rule_id,NONE,,,,,,,,,,
,LOG62.RESPOND_TIME_IN_MASTER_CYCLE,uint32_t,,EH_get_the_nth_log_from_the_latest((uint16_t)(62 + offset))->respond_time_in_master_cycle,NONE,,,,,,,,,,
,LOG62.DEPLOY_CMD_ACK,int8_t,,(int8_t)EH_get_the_nth_log_from_the_latest((uint16_t)(62 + offset))->deploy_cmd_ack,NONE,,,,,,,,,,
,LOG63.RULE_ID,uint8_t,,(uint8_t)EH_get_the_nth_log_from_the_latest((uint16_t)(63 + offset))->rule_id,NONE,,,,,,,,,,
,LOG63.RESPOND_TIME_IN_MASTER_CYCLE,uint32_t,,EH_get_the_nth_log_from_the_latest((uint16_t)(63 + offset))->respond_time_in_master_cycle,NONE,,,,,,,,,,
,LOG63.DEPLOY_CMD_ACK,int8_t,,(int8_t)EH_get_the_nth_log_from_the_latest((uint16_t)(63 + offset))->deploy_cmd_ack,NONE,,,,,,,,,,
