FALSE,9,OBC,"uint16_t offset = event_handler->tlm_info.rule.page_no * EH_RULE_TLM_PAGE_SIZE;
const EH_Rule* rules = event_handler->rule_table.rules;
",,,,,,,,,,,,
subsystem,name,type,bit,var,conv,a0,a1,a2,a3,a4,a5,status,description,note,priority
,PH.VER,_uint16_t,3,,NONE,,,,,,,,,,
,PH.TYPE,,1,,NONE,,,,,,,,,,
,PH.SH_FLAG,,1,,NONE,,,,,,,,,,
,PH.APID,,11,,NONE,,,,,,,,,,
,PH.SEQ_FLAG,_uint16_t,2,,NONE,,,,,,,,,,
,PH.SEQ_COUNT,,14,,NONE,,,,,,,,,,
,PH.PACKET_LEN,uint16_t,,,NONE,,,,,,,,,,
,SH.VER,uint8_t,,,NONE,,,,,,,,,,
,SH.TI,uint32_t,,,NONE,,,,,,,,,,
,SH.TLM_ID,uint8_t,,,HEX,,,,,,,,,,
,SH.GLOBAL_TIME,double,,,NONE,,,,,,,,,,
,SH.ON_BOARD_SUBNET_TIME,uint32_t,,,NONE,,,,,,,,,,
,SH.DEST_FLAGS,uint8_t,,,HEX,,,,,,,,,,
,SH.DEST_INFO,uint8_t,,,NONE,,,,,,,,,,
,TLM_INFO.RULE.PAGE_NO,uint8_t,,event_handler->tlm_info.rule.page_no,NONE,,,,,,,,,,
,RULE_TABLE.REGISTERED_RULE_NUM,uint16_t,,event_handler->rule_table.registered_rule_num,NONE,,,,,,,,,,
,RULE0.SETTINGS.EVENT.GROUP,uint8_t,,(uint8_t)rules[0 + offset].settings.event.group,NONE,,,,,,,,,,
,RULE0.SETTINGS.EVENT.LOCAL,uint32_t,,rules[0 + offset].settings.event.local,NONE,,,,,,,,,,
,RULE0.SETTINGS.EVENT.ERR_LEVEL,_uint8_t,3,(uint8_t)((((uint8_t)rules[0 + offset].settings.event.err_level) << 5 & 0xe0) | (rules[0 + offset].settings.should_match_err_level << 4 & 0x10) | (rules[0 + offset].settings.is_active << 3 & 0x08) | (((uint8_t)rules[0 + offset].settings.condition.type) & 0x07)),STATUS,,,,,,,"0=HIGH, 1=MIDDLE, 2=LOW, 3=EL, 4=EH, *=N/A",,,
,RULE0.SETTINGS.SHOULD_MATCH_ERR_LEVEL,,1,,STATUS,,,,,,,"0=NO, 1=YES, *=N/A",,,
,RULE0.SETTINGS.IS_ACTIVE,,1,,STATUS,,,,,,,"0=INACTIVE, 1=ACTIVE, *=N/A",,,
,RULE0.SETTINGS.CONDITION.TYPE,,3,,STATUS,,,,,,,"0=SINGLE, 1=CONTINUOUS, 2=CUMULATIVE, *=N/A",,,
,RULE0.SETTINGS.CONDITION.COUNT_THRESHOLD,uint16_t,,rules[0 + offset].settings.condition.count_threshold,NONE,,,,,,,,,,
,RULE0.SETTINGS.CONDITION.TIME_THRESHOLD_MS,uint32_t,,rules[0 + offset].settings.condition.time_threshold_ms,NONE,,,,,,,,,,
,RULE0.SETTINGS.DEPLOY_BCT_ID,uint16_t,,(uint16_t)rules[0 + offset].settings.deploy_bct_id,NONE,,,,,,,,,,
,RULE0.COUNTER,uint16_t,,rules[0 + offset].counter,NONE,,,,,,,,,,
,RULE0.LAST_EVENT_TIME.TOTAL_CYCLE,uint32_t,,(uint32_t)rules[0 + offset].last_event_time.total_cycle,NONE,,,,,,,,,,
,RULE1.SETTINGS.EVENT.GROUP,uint8_t,,(uint8_t)rules[1 + offset].settings.event.group,NONE,,,,,,,,,,
,RULE1.SETTINGS.EVENT.LOCAL,uint32_t,,rules[1 + offset].settings.event.local,NONE,,,,,,,,,,
,RULE1.SETTINGS.EVENT.ERR_LEVEL,_uint8_t,3,(uint8_t)((((uint8_t)rules[1 + offset].settings.event.err_level) << 5 & 0xe0) | (rules[1 + offset].settings.should_match_err_level << 4 & 0x10) | (rules[1 + offset].settings.is_active << 3 & 0x08) | (((uint8_t)rules[1 + offset].settings.condition.type) & 0x07)),STATUS,,,,,,,"0=HIGH, 1=MIDDLE, 2=LOW, 3=EL, 4=EH, *=N/A",,,
,RULE1.SETTINGS.SHOULD_MATCH_ERR_LEVEL,,1,,STATUS,,,,,,,"0=NO, 1=YES, *=N/A",,,
,RULE1.SETTINGS.IS_ACTIVE,,1,,STATUS,,,,,,,"0=INACTIVE, 1=ACTIVE, *=N/A",,,
,RULE1.SETTINGS.CONDITION.TYPE,,3,,STATUS,,,,,,,"0=SINGLE, 1=CONTINUOUS, 2=CUMULATIVE, *=N/A",,,
,RULE1.SETTINGS.CONDITION.COUNT_THRESHOLD,uint16_t,,rules[1 + offset].settings.condition.count_threshold,NONE,,,,,,,,,,
,RULE1.SETTINGS.CONDITION.TIME_THRESHOLD_MS,uint32_t,,rules[1 + offset].settings.condition.time_threshold_ms,NONE,,,,,,,,,,
,RULE1.SETTINGS.DEPLOY_BCT_ID,uint16_t,,(uint16_t)rules[1 + offset].settings.deploy_bct_id,NONE,,,,,,,,,,
,RULE1.COUNTER,uint16_t,,rules[1 + offset].counter,NONE,,,,,,,,,,
,RULE1.LAST_EVENT_TIME.TOTAL_CYCLE,uint32_t,,(uint32_t)rules[1 + offset].last_event_time.total_cycle,NONE,,,,,,,,,,
,RULE2.SETTINGS.EVENT.GROUP,uint8_t,,(uint8_t)rules[2 + offset].settings.event.group,NONE,,,,,,,,,,
,RULE2.SETTINGS.EVENT.LOCAL,uint32_t,,rules[2 + offset].settings.event.local,NONE,,,,,,,,,,
,RULE2.SETTINGS.EVENT.ERR_LEVEL,_uint8_t,3,(uint8_t)((((uint8_t)rules[2 + offset].settings.event.err_level) << 5 & 0xe0) | (rules[2 + offset].settings.should_match_err_level << 4 & 0x10) | (rules[2 + offset].settings.is_active << 3 & 0x08) | (((uint8_t)rules[2 + offset].settings.condition.type) & 0x07)),STATUS,,,,,,,"0=HIGH, 1=MIDDLE, 2=LOW, 3=EL, 4=EH, *=N/A",,,
,RULE2.SETTINGS.SHOULD_MATCH_ERR_LEVEL,,1,,STATUS,,,,,,,"0=NO, 1=YES, *=N/A",,,
,RULE2.SETTINGS.IS_ACTIVE,,1,,STATUS,,,,,,,"0=INACTIVE, 1=ACTIVE, *=N/A",,,
,RULE2.SETTINGS.CONDITION.TYPE,,3,,STATUS,,,,,,,"0=SINGLE, 1=CONTINUOUS, 2=CUMULATIVE, *=N/A",,,
,RULE2.SETTINGS.CONDITION.COUNT_THRESHOLD,uint16_t,,rules[2 + offset].settings.condition.count_threshold,NONE,,,,,,,,,,
,RULE2.SETTINGS.CONDITION.TIME_THRESHOLD_MS,uint32_t,,rules[2 + offset].settings.condition.time_threshold_ms,NONE,,,,,,,,,,
,RULE2.SETTINGS.DEPLOY_BCT_ID,uint16_t,,(uint16_t)rules[2 + offset].settings.deploy_bct_id,NONE,,,,,,,,,,
,RULE2.COUNTER,uint16_t,,rules[2 + offset].counter,NONE,,,,,,,,,,
,RULE2.LAST_EVENT_TIME.TOTAL_CYCLE,uint32_t,,(uint32_t)rules[2 + offset].last_event_time.total_cycle,NONE,,,,,,,,,,
,RULE3.SETTINGS.EVENT.GROUP,uint8_t,,(uint8_t)rules[3 + offset].settings.event.group,NONE,,,,,,,,,,
,RULE3.SETTINGS.EVENT.LOCAL,uint32_t,,rules[3 + offset].settings.event.local,NONE,,,,,,,,,,
,RULE3.SETTINGS.EVENT.ERR_LEVEL,_uint8_t,3,(uint8_t)((((uint8_t)rules[3 + offset].settings.event.err_level) << 5 & 0xe0) | (rules[3 + offset].settings.should_match_err_level << 4 & 0x10) | (rules[3 + offset].settings.is_active << 3 & 0x08) | (((uint8_t)rules[3 + offset].settings.condition.type) & 0x07)),STATUS,,,,,,,"0=HIGH, 1=MIDDLE, 2=LOW, 3=EL, 4=EH, *=N/A",,,
,RULE3.SETTINGS.SHOULD_MATCH_ERR_LEVEL,,1,,STATUS,,,,,,,"0=NO, 1=YES, *=N/A",,,
,RULE3.SETTINGS.IS_ACTIVE,,1,,STATUS,,,,,,,"0=INACTIVE, 1=ACTIVE, *=N/A",,,
,RULE3.SETTINGS.CONDITION.TYPE,,3,,STATUS,,,,,,,"0=SINGLE, 1=CONTINUOUS, 2=CUMULATIVE, *=N/A",,,
,RULE3.SETTINGS.CONDITION.COUNT_THRESHOLD,uint16_t,,rules[3 + offset].settings.condition.count_threshold,NONE,,,,,,,,,,
,RULE3.SETTINGS.CONDITION.TIME_THRESHOLD_MS,uint32_t,,rules[3 + offset].settings.condition.time_threshold_ms,NONE,,,,,,,,,,
,RULE3.SETTINGS.DEPLOY_BCT_ID,uint16_t,,(uint16_t)rules[3 + offset].settings.deploy_bct_id,NONE,,,,,,,,,,
,RULE3.COUNTER,uint16_t,,rules[3 + offset].counter,NONE,,,,,,,,,,
,RULE3.LAST_EVENT_TIME.TOTAL_CYCLE,uint32_t,,(uint32_t)rules[3 + offset].last_event_time.total_cycle,NONE,,,,,,,,,,
,RULE4.SETTINGS.EVENT.GROUP,uint8_t,,(uint8_t)rules[4 + offset].settings.event.group,NONE,,,,,,,,,,
,RULE4.SETTINGS.EVENT.LOCAL,uint32_t,,rules[4 + offset].settings.event.local,NONE,,,,,,,,,,
,RULE4.SETTINGS.EVENT.ERR_LEVEL,_uint8_t,3,(uint8_t)((((uint8_t)rules[4 + offset].settings.event.err_level) << 5 & 0xe0) | (rules[4 + offset].settings.should_match_err_level << 4 & 0x10) | (rules[4 + offset].settings.is_active << 3 & 0x08) | (((uint8_t)rules[4 + offset].settings.condition.type) & 0x07)),STATUS,,,,,,,"0=HIGH, 1=MIDDLE, 2=LOW, 3=EL, 4=EH, *=N/A",,,
,RULE4.SETTINGS.SHOULD_MATCH_ERR_LEVEL,,1,,STATUS,,,,,,,"0=NO, 1=YES, *=N/A",,,
,RULE4.SETTINGS.IS_ACTIVE,,1,,STATUS,,,,,,,"0=INACTIVE, 1=ACTIVE, *=N/A",,,
,RULE4.SETTINGS.CONDITION.TYPE,,3,,STATUS,,,,,,,"0=SINGLE, 1=CONTINUOUS, 2=CUMULATIVE, *=N/A",,,
,RULE4.SETTINGS.CONDITION.COUNT_THRESHOLD,uint16_t,,rules[4 + offset].settings.condition.count_threshold,NONE,,,,,,,,,,
,RULE4.SETTINGS.CONDITION.TIME_THRESHOLD_MS,uint32_t,,rules[4 + offset].settings.condition.time_threshold_ms,NONE,,,,,,,,,,
,RULE4.SETTINGS.DEPLOY_BCT_ID,uint16_t,,(uint16_t)rules[4 + offset].settings.deploy_bct_id,NONE,,,,,,,,,,
,RULE4.COUNTER,uint16_t,,rules[4 + offset].counter,NONE,,,,,,,,,,
,RULE4.LAST_EVENT_TIME.TOTAL_CYCLE,uint32_t,,(uint32_t)rules[4 + offset].last_event_time.total_cycle,NONE,,,,,,,,,,
,RULE5.SETTINGS.EVENT.GROUP,uint8_t,,(uint8_t)rules[5 + offset].settings.event.group,NONE,,,,,,,,,,
,RULE5.SETTINGS.EVENT.LOCAL,uint32_t,,rules[5 + offset].settings.event.local,NONE,,,,,,,,,,
,RULE5.SETTINGS.EVENT.ERR_LEVEL,_uint8_t,3,(uint8_t)((((uint8_t)rules[5 + offset].settings.event.err_level) << 5 & 0xe0) | (rules[5 + offset].settings.should_match_err_level << 4 & 0x10) | (rules[5 + offset].settings.is_active << 3 & 0x08) | (((uint8_t)rules[5 + offset].settings.condition.type) & 0x07)),STATUS,,,,,,,"0=HIGH, 1=MIDDLE, 2=LOW, 3=EL, 4=EH, *=N/A",,,
,RULE5.SETTINGS.SHOULD_MATCH_ERR_LEVEL,,1,,STATUS,,,,,,,"0=NO, 1=YES, *=N/A",,,
,RULE5.SETTINGS.IS_ACTIVE,,1,,STATUS,,,,,,,"0=INACTIVE, 1=ACTIVE, *=N/A",,,
,RULE5.SETTINGS.CONDITION.TYPE,,3,,STATUS,,,,,,,"0=SINGLE, 1=CONTINUOUS, 2=CUMULATIVE, *=N/A",,,
,RULE5.SETTINGS.CONDITION.COUNT_THRESHOLD,uint16_t,,rules[5 + offset].settings.condition.count_threshold,NONE,,,,,,,,,,
,RULE5.SETTINGS.CONDITION.TIME_THRESHOLD_MS,uint32_t,,rules[5 + offset].settings.condition.time_threshold_ms,NONE,,,,,,,,,,
,RULE5.SETTINGS.DEPLOY_BCT_ID,uint16_t,,(uint16_t)rules[5 + offset].settings.deploy_bct_id,NONE,,,,,,,,,,
,RULE5.COUNTER,uint16_t,,rules[5 + offset].counter,NONE,,,,,,,,,,
,RULE5.LAST_EVENT_TIME.TOTAL_CYCLE,uint32_t,,(uint32_t)rules[5 + offset].last_event_time.total_cycle,NONE,,,,,,,,,,
,RULE6.SETTINGS.EVENT.GROUP,uint8_t,,(uint8_t)rules[6 + offset].settings.event.group,NONE,,,,,,,,,,
,RULE6.SETTINGS.EVENT.LOCAL,uint32_t,,rules[6 + offset].settings.event.local,NONE,,,,,,,,,,
,RULE6.SETTINGS.EVENT.ERR_LEVEL,_uint8_t,3,(uint8_t)((((uint8_t)rules[6 + offset].settings.event.err_level) << 5 & 0xe0) | (rules[6 + offset].settings.should_match_err_level << 4 & 0x10) | (rules[6 + offset].settings.is_active << 3 & 0x08) | (((uint8_t)rules[6 + offset].settings.condition.type) & 0x07)),STATUS,,,,,,,"0=HIGH, 1=MIDDLE, 2=LOW, 3=EL, 4=EH, *=N/A",,,
,RULE6.SETTINGS.SHOULD_MATCH_ERR_LEVEL,,1,,STATUS,,,,,,,"0=NO, 1=YES, *=N/A",,,
,RULE6.SETTINGS.IS_ACTIVE,,1,,STATUS,,,,,,,"0=INACTIVE, 1=ACTIVE, *=N/A",,,
,RULE6.SETTINGS.CONDITION.TYPE,,3,,STATUS,,,,,,,"0=SINGLE, 1=CONTINUOUS, 2=CUMULATIVE, *=N/A",,,
,RULE6.SETTINGS.CONDITION.COUNT_THRESHOLD,uint16_t,,rules[6 + offset].settings.condition.count_threshold,NONE,,,,,,,,,,
,RULE6.SETTINGS.CONDITION.TIME_THRESHOLD_MS,uint32_t,,rules[6 + offset].settings.condition.time_threshold_ms,NONE,,,,,,,,,,
,RULE6.SETTINGS.DEPLOY_BCT_ID,uint16_t,,(uint16_t)rules[6 + offset].settings.deploy_bct_id,NONE,,,,,,,,,,
,RULE6.COUNTER,uint16_t,,rules[6 + offset].counter,NONE,,,,,,,,,,
,RULE6.LAST_EVENT_TIME.TOTAL_CYCLE,uint32_t,,(uint32_t)rules[6 + offset].last_event_time.total_cycle,NONE,,,,,,,,,,
,RULE7.SETTINGS.EVENT.GROUP,uint8_t,,(uint8_t)rules[7 + offset].settings.event.group,NONE,,,,,,,,,,
,RULE7.SETTINGS.EVENT.LOCAL,uint32_t,,rules[7 + offset].settings.event.local,NONE,,,,,,,,,,
,RULE7.SETTINGS.EVENT.ERR_LEVEL,_uint8_t,3,(uint8_t)((((uint8_t)rules[7 + offset].settings.event.err_level) << 5 & 0xe0) | (rules[7 + offset].settings.should_match_err_level << 4 & 0x10) | (rules[7 + offset].settings.is_active << 3 & 0x08) | (((uint8_t)rules[7 + offset].settings.condition.type) & 0x07)),STATUS,,,,,,,"0=HIGH, 1=MIDDLE, 2=LOW, 3=EL, 4=EH, *=N/A",,,
,RULE7.SETTINGS.SHOULD_MATCH_ERR_LEVEL,,1,,STATUS,,,,,,,"0=NO, 1=YES, *=N/A",,,
,RULE7.SETTINGS.IS_ACTIVE,,1,,STATUS,,,,,,,"0=INACTIVE, 1=ACTIVE, *=N/A",,,
,RULE7.SETTINGS.CONDITION.TYPE,,3,,STATUS,,,,,,,"0=SINGLE, 1=CONTINUOUS, 2=CUMULATIVE, *=N/A",,,
,RULE7.SETTINGS.CONDITION.COUNT_THRESHOLD,uint16_t,,rules[7 + offset].settings.condition.count_threshold,NONE,,,,,,,,,,
,RULE7.SETTINGS.CONDITION.TIME_THRESHOLD_MS,uint32_t,,rules[7 + offset].settings.condition.time_threshold_ms,NONE,,,,,,,,,,
,RULE7.SETTINGS.DEPLOY_BCT_ID,uint16_t,,(uint16_t)rules[7 + offset].settings.deploy_bct_id,NONE,,,,,,,,,,
,RULE7.COUNTER,uint16_t,,rules[7 + offset].counter,NONE,,,,,,,,,,
,RULE7.LAST_EVENT_TIME.TOTAL_CYCLE,uint32_t,,(uint32_t)rules[7 + offset].last_event_time.total_cycle,NONE,,,,,,,,,,
,RULE8.SETTINGS.EVENT.GROUP,uint8_t,,(uint8_t)rules[8 + offset].settings.event.group,NONE,,,,,,,,,,
,RULE8.SETTINGS.EVENT.LOCAL,uint32_t,,rules[8 + offset].settings.event.local,NONE,,,,,,,,,,
,RULE8.SETTINGS.EVENT.ERR_LEVEL,_uint8_t,3,(uint8_t)((((uint8_t)rules[8 + offset].settings.event.err_level) << 5 & 0xe0) | (rules[8 + offset].settings.should_match_err_level << 4 & 0x10) | (rules[8 + offset].settings.is_active << 3 & 0x08) | (((uint8_t)rules[8 + offset].settings.condition.type) & 0x07)),STATUS,,,,,,,"0=HIGH, 1=MIDDLE, 2=LOW, 3=EL, 4=EH, *=N/A",,,
,RULE8.SETTINGS.SHOULD_MATCH_ERR_LEVEL,,1,,STATUS,,,,,,,"0=NO, 1=YES, *=N/A",,,
,RULE8.SETTINGS.IS_ACTIVE,,1,,STATUS,,,,,,,"0=INACTIVE, 1=ACTIVE, *=N/A",,,
,RULE8.SETTINGS.CONDITION.TYPE,,3,,STATUS,,,,,,,"0=SINGLE, 1=CONTINUOUS, 2=CUMULATIVE, *=N/A",,,
,RULE8.SETTINGS.CONDITION.COUNT_THRESHOLD,uint16_t,,rules[8 + offset].settings.condition.count_threshold,NONE,,,,,,,,,,
,RULE8.SETTINGS.CONDITION.TIME_THRESHOLD_MS,uint32_t,,rules[8 + offset].settings.condition.time_threshold_ms,NONE,,,,,,,,,,
,RULE8.SETTINGS.DEPLOY_BCT_ID,uint16_t,,(uint16_t)rules[8 + offset].settings.deploy_bct_id,NONE,,,,,,,,,,
,RULE8.COUNTER,uint16_t,,rules[8 + offset].counter,NONE,,,,,,,,,,
,RULE8.LAST_EVENT_TIME.TOTAL_CYCLE,uint32_t,,(uint32_t)rules[8 + offset].last_event_time.total_cycle,NONE,,,,,,,,,,
,RULE9.SETTINGS.EVENT.GROUP,uint8_t,,(uint8_t)rules[9 + offset].settings.event.group,NONE,,,,,,,,,,
,RULE9.SETTINGS.EVENT.LOCAL,uint32_t,,rules[9 + offset].settings.event.local,NONE,,,,,,,,,,
,RULE9.SETTINGS.EVENT.ERR_LEVEL,_uint8_t,3,(uint8_t)((((uint8_t)rules[9 + offset].settings.event.err_level) << 5 & 0xe0) | (rules[9 + offset].settings.should_match_err_level << 4 & 0x10) | (rules[9 + offset].settings.is_active << 3 & 0x08) | (((uint8_t)rules[9 + offset].settings.condition.type) & 0x07)),STATUS,,,,,,,"0=HIGH, 1=MIDDLE, 2=LOW, 3=EL, 4=EH, *=N/A",,,
,RULE9.SETTINGS.SHOULD_MATCH_ERR_LEVEL,,1,,STATUS,,,,,,,"0=NO, 1=YES, *=N/A",,,
,RULE9.SETTINGS.IS_ACTIVE,,1,,STATUS,,,,,,,"0=INACTIVE, 1=ACTIVE, *=N/A",,,
,RULE9.SETTINGS.CONDITION.TYPE,,3,,STATUS,,,,,,,"0=SINGLE, 1=CONTINUOUS, 2=CUMULATIVE, *=N/A",,,
,RULE9.SETTINGS.CONDITION.COUNT_THRESHOLD,uint16_t,,rules[9 + offset].settings.condition.count_threshold,NONE,,,,,,,,,,
,RULE9.SETTINGS.CONDITION.TIME_THRESHOLD_MS,uint32_t,,rules[9 + offset].settings.condition.time_threshold_ms,NONE,,,,,,,,,,
,RULE9.SETTINGS.DEPLOY_BCT_ID,uint16_t,,(uint16_t)rules[9 + offset].settings.deploy_bct_id,NONE,,,,,,,,,,
,RULE9.COUNTER,uint16_t,,rules[9 + offset].counter,NONE,,,,,,,,,,
,RULE9.LAST_EVENT_TIME.TOTAL_CYCLE,uint32_t,,(uint32_t)rules[9 + offset].last_event_time.total_cycle,NONE,,,,,,,,,,
,RULE10.SETTINGS.EVENT.GROUP,uint8_t,,(uint8_t)rules[10 + offset].settings.event.group,NONE,,,,,,,,,,
,RULE10.SETTINGS.EVENT.LOCAL,uint32_t,,rules[10 + offset].settings.event.local,NONE,,,,,,,,,,
,RULE10.SETTINGS.EVENT.ERR_LEVEL,_uint8_t,3,(uint8_t)((((uint8_t)rules[10 + offset].settings.event.err_level) << 5 & 0xe0) | (rules[10 + offset].settings.should_match_err_level << 4 & 0x10) | (rules[10 + offset].settings.is_active << 3 & 0x08) | (((uint8_t)rules[10 + offset].settings.condition.type) & 0x07)),STATUS,,,,,,,"0=HIGH, 1=MIDDLE, 2=LOW, 3=EL, 4=EH, *=N/A",,,
,RULE10.SETTINGS.SHOULD_MATCH_ERR_LEVEL,,1,,STATUS,,,,,,,"0=NO, 1=YES, *=N/A",,,
,RULE10.SETTINGS.IS_ACTIVE,,1,,STATUS,,,,,,,"0=INACTIVE, 1=ACTIVE, *=N/A",,,
,RULE10.SETTINGS.CONDITION.TYPE,,3,,STATUS,,,,,,,"0=SINGLE, 1=CONTINUOUS, 2=CUMULATIVE, *=N/A",,,
,RULE10.SETTINGS.CONDITION.COUNT_THRESHOLD,uint16_t,,rules[10 + offset].settings.condition.count_threshold,NONE,,,,,,,,,,
,RULE10.SETTINGS.CONDITION.TIME_THRESHOLD_MS,uint32_t,,rules[10 + offset].settings.condition.time_threshold_ms,NONE,,,,,,,,,,
,RULE10.SETTINGS.DEPLOY_BCT_ID,uint16_t,,(uint16_t)rules[10 + offset].settings.deploy_bct_id,NONE,,,,,,,,,,
,RULE10.COUNTER,uint16_t,,rules[10 + offset].counter,NONE,,,,,,,,,,
,RULE10.LAST_EVENT_TIME.TOTAL_CYCLE,uint32_t,,(uint32_t)rules[10 + offset].last_event_time.total_cycle,NONE,,,,,,,,,,
,RULE11.SETTINGS.EVENT.GROUP,uint8_t,,(uint8_t)rules[11 + offset].settings.event.group,NONE,,,,,,,,,,
,RULE11.SETTINGS.EVENT.LOCAL,uint32_t,,rules[11 + offset].settings.event.local,NONE,,,,,,,,,,
,RULE11.SETTINGS.EVENT.ERR_LEVEL,_uint8_t,3,(uint8_t)((((uint8_t)rules[11 + offset].settings.event.err_level) << 5 & 0xe0) | (rules[11 + offset].settings.should_match_err_level << 4 & 0x10) | (rules[11 + offset].settings.is_active << 3 & 0x08) | (((uint8_t)rules[11 + offset].settings.condition.type) & 0x07)),STATUS,,,,,,,"0=HIGH, 1=MIDDLE, 2=LOW, 3=EL, 4=EH, *=N/A",,,
,RULE11.SETTINGS.SHOULD_MATCH_ERR_LEVEL,,1,,STATUS,,,,,,,"0=NO, 1=YES, *=N/A",,,
,RULE11.SETTINGS.IS_ACTIVE,,1,,STATUS,,,,,,,"0=INACTIVE, 1=ACTIVE, *=N/A",,,
,RULE11.SETTINGS.CONDITION.TYPE,,3,,STATUS,,,,,,,"0=SINGLE, 1=CONTINUOUS, 2=CUMULATIVE, *=N/A",,,
,RULE11.SETTINGS.CONDITION.COUNT_THRESHOLD,uint16_t,,rules[11 + offset].settings.condition.count_threshold,NONE,,,,,,,,,,
,RULE11.SETTINGS.CONDITION.TIME_THRESHOLD_MS,uint32_t,,rules[11 + offset].settings.condition.time_threshold_ms,NONE,,,,,,,,,,
,RULE11.SETTINGS.DEPLOY_BCT_ID,uint16_t,,(uint16_t)rules[11 + offset].settings.deploy_bct_id,NONE,,,,,,,,,,
,RULE11.COUNTER,uint16_t,,rules[11 + offset].counter,NONE,,,,,,,,,,
,RULE11.LAST_EVENT_TIME.TOTAL_CYCLE,uint32_t,,(uint32_t)rules[11 + offset].last_event_time.total_cycle,NONE,,,,,,,,,,
,RULE12.SETTINGS.EVENT.GROUP,uint8_t,,(uint8_t)rules[12 + offset].settings.event.group,NONE,,,,,,,,,,
,RULE12.SETTINGS.EVENT.LOCAL,uint32_t,,rules[12 + offset].settings.event.local,NONE,,,,,,,,,,
,RULE12.SETTINGS.EVENT.ERR_LEVEL,_uint8_t,3,(uint8_t)((((uint8_t)rules[12 + offset].settings.event.err_level) << 5 & 0xe0) | (rules[12 + offset].settings.should_match_err_level << 4 & 0x10) | (rules[12 + offset].settings.is_active << 3 & 0x08) | (((uint8_t)rules[12 + offset].settings.condition.type) & 0x07)),STATUS,,,,,,,"0=HIGH, 1=MIDDLE, 2=LOW, 3=EL, 4=EH, *=N/A",,,
,RULE12.SETTINGS.SHOULD_MATCH_ERR_LEVEL,,1,,STATUS,,,,,,,"0=NO, 1=YES, *=N/A",,,
,RULE12.SETTINGS.IS_ACTIVE,,1,,STATUS,,,,,,,"0=INACTIVE, 1=ACTIVE, *=N/A",,,
,RULE12.SETTINGS.CONDITION.TYPE,,3,,STATUS,,,,,,,"0=SINGLE, 1=CONTINUOUS, 2=CUMULATIVE, *=N/A",,,
,RULE12.SETTINGS.CONDITION.COUNT_THRESHOLD,uint16_t,,rules[12 + offset].settings.condition.count_threshold,NONE,,,,,,,,,,
,RULE12.SETTINGS.CONDITION.TIME_THRESHOLD_MS,uint32_t,,rules[12 + offset].settings.condition.time_threshold_ms,NONE,,,,,,,,,,
,RULE12.SETTINGS.DEPLOY_BCT_ID,uint16_t,,(uint16_t)rules[12 + offset].settings.deploy_bct_id,NONE,,,,,,,,,,
,RULE12.COUNTER,uint16_t,,rules[12 + offset].counter,NONE,,,,,,,,,,
,RULE12.LAST_EVENT_TIME.TOTAL_CYCLE,uint32_t,,(uint32_t)rules[12 + offset].last_event_time.total_cycle,NONE,,,,,,,,,,
,RULE13.SETTINGS.EVENT.GROUP,uint8_t,,(uint8_t)rules[13 + offset].settings.event.group,NONE,,,,,,,,,,
,RULE13.SETTINGS.EVENT.LOCAL,uint32_t,,rules[13 + offset].settings.event.local,NONE,,,,,,,,,,
,RULE13.SETTINGS.EVENT.ERR_LEVEL,_uint8_t,3,(uint8_t)((((uint8_t)rules[13 + offset].settings.event.err_level) << 5 & 0xe0) | (rules[13 + offset].settings.should_match_err_level << 4 & 0x10) | (rules[13 + offset].settings.is_active << 3 & 0x08) | (((uint8_t)rules[13 + offset].settings.condition.type) & 0x07)),STATUS,,,,,,,"0=HIGH, 1=MIDDLE, 2=LOW, 3=EL, 4=EH, *=N/A",,,
,RULE13.SETTINGS.SHOULD_MATCH_ERR_LEVEL,,1,,STATUS,,,,,,,"0=NO, 1=YES, *=N/A",,,
,RULE13.SETTINGS.IS_ACTIVE,,1,,STATUS,,,,,,,"0=INACTIVE, 1=ACTIVE, *=N/A",,,
,RULE13.SETTINGS.CONDITION.TYPE,,3,,STATUS,,,,,,,"0=SINGLE, 1=CONTINUOUS, 2=CUMULATIVE, *=N/A",,,
,RULE13.SETTINGS.CONDITION.COUNT_THRESHOLD,uint16_t,,rules[13 + offset].settings.condition.count_threshold,NONE,,,,,,,,,,
,RULE13.SETTINGS.CONDITION.TIME_THRESHOLD_MS,uint32_t,,rules[13 + offset].settings.condition.time_threshold_ms,NONE,,,,,,,,,,
,RULE13.SETTINGS.DEPLOY_BCT_ID,uint16_t,,(uint16_t)rules[13 + offset].settings.deploy_bct_id,NONE,,,,,,,,,,
,RULE13.COUNTER,uint16_t,,rules[13 + offset].counter,NONE,,,,,,,,,,
,RULE13.LAST_EVENT_TIME.TOTAL_CYCLE,uint32_t,,(uint32_t)rules[13 + offset].last_event_time.total_cycle,NONE,,,,,,,,,,
,RULE14.SETTINGS.EVENT.GROUP,uint8_t,,(uint8_t)rules[14 + offset].settings.event.group,NONE,,,,,,,,,,
,RULE14.SETTINGS.EVENT.LOCAL,uint32_t,,rules[14 + offset].settings.event.local,NONE,,,,,,,,,,
,RULE14.SETTINGS.EVENT.ERR_LEVEL,_uint8_t,3,(uint8_t)((((uint8_t)rules[14 + offset].settings.event.err_level) << 5 & 0xe0) | (rules[14 + offset].settings.should_match_err_level << 4 & 0x10) | (rules[14 + offset].settings.is_active << 3 & 0x08) | (((uint8_t)rules[14 + offset].settings.condition.type) & 0x07)),STATUS,,,,,,,"0=HIGH, 1=MIDDLE, 2=LOW, 3=EL, 4=EH, *=N/A",,,
,RULE14.SETTINGS.SHOULD_MATCH_ERR_LEVEL,,1,,STATUS,,,,,,,"0=NO, 1=YES, *=N/A",,,
,RULE14.SETTINGS.IS_ACTIVE,,1,,STATUS,,,,,,,"0=INACTIVE, 1=ACTIVE, *=N/A",,,
,RULE14.SETTINGS.CONDITION.TYPE,,3,,STATUS,,,,,,,"0=SINGLE, 1=CONTINUOUS, 2=CUMULATIVE, *=N/A",,,
,RULE14.SETTINGS.CONDITION.COUNT_THRESHOLD,uint16_t,,rules[14 + offset].settings.condition.count_threshold,NONE,,,,,,,,,,
,RULE14.SETTINGS.CONDITION.TIME_THRESHOLD_MS,uint32_t,,rules[14 + offset].settings.condition.time_threshold_ms,NONE,,,,,,,,,,
,RULE14.SETTINGS.DEPLOY_BCT_ID,uint16_t,,(uint16_t)rules[14 + offset].settings.deploy_bct_id,NONE,,,,,,,,,,
,RULE14.COUNTER,uint16_t,,rules[14 + offset].counter,NONE,,,,,,,,,,
,RULE14.LAST_EVENT_TIME.TOTAL_CYCLE,uint32_t,,(uint32_t)rules[14 + offset].last_event_time.total_cycle,NONE,,,,,,,,,,
,RULE15.SETTINGS.EVENT.GROUP,uint8_t,,(uint8_t)rules[15 + offset].settings.event.group,NONE,,,,,,,,,,
,RULE15.SETTINGS.EVENT.LOCAL,uint32_t,,rules[15 + offset].settings.event.local,NONE,,,,,,,,,,
,RULE15.SETTINGS.EVENT.ERR_LEVEL,_uint8_t,3,(uint8_t)((((uint8_t)rules[15 + offset].settings.event.err_level) << 5 & 0xe0) | (rules[15 + offset].settings.should_match_err_level << 4 & 0x10) | (rules[15 + offset].settings.is_active << 3 & 0x08) | (((uint8_t)rules[15 + offset].settings.condition.type) & 0x07)),STATUS,,,,,,,"0=HIGH, 1=MIDDLE, 2=LOW, 3=EL, 4=EH, *=N/A",,,
,RULE15.SETTINGS.SHOULD_MATCH_ERR_LEVEL,,1,,STATUS,,,,,,,"0=NO, 1=YES, *=N/A",,,
,RULE15.SETTINGS.IS_ACTIVE,,1,,STATUS,,,,,,,"0=INACTIVE, 1=ACTIVE, *=N/A",,,
,RULE15.SETTINGS.CONDITION.TYPE,,3,,STATUS,,,,,,,"0=SINGLE, 1=CONTINUOUS, 2=CUMULATIVE, *=N/A",,,
,RULE15.SETTINGS.CONDITION.COUNT_THRESHOLD,uint16_t,,rules[15 + offset].settings.condition.count_threshold,NONE,,,,,,,,,,
,RULE15.SETTINGS.CONDITION.TIME_THRESHOLD_MS,uint32_t,,rules[15 + offset].settings.condition.time_threshold_ms,NONE,,,,,,,,,,
,RULE15.SETTINGS.DEPLOY_BCT_ID,uint16_t,,(uint16_t)rules[15 + offset].settings.deploy_bct_id,NONE,,,,,,,,,,
,RULE15.COUNTER,uint16_t,,rules[15 + offset].counter,NONE,,,,,,,,,,
,RULE15.LAST_EVENT_TIME.TOTAL_CYCLE,uint32_t,,(uint32_t)rules[15 + offset].last_event_time.total_cycle,NONE,,,,,,,,,,
,RULE16.SETTINGS.EVENT.GROUP,uint8_t,,(uint8_t)rules[16 + offset].settings.event.group,NONE,,,,,,,,,,
,RULE16.SETTINGS.EVENT.LOCAL,uint32_t,,rules[16 + offset].settings.event.local,NONE,,,,,,,,,,
,RULE16.SETTINGS.EVENT.ERR_LEVEL,_uint8_t,3,(uint8_t)((((uint8_t)rules[16 + offset].settings.event.err_level) << 5 & 0xe0) | (rules[16 + offset].settings.should_match_err_level << 4 & 0x10) | (rules[16 + offset].settings.is_active << 3 & 0x08) | (((uint8_t)rules[16 + offset].settings.condition.type) & 0x07)),STATUS,,,,,,,"0=HIGH, 1=MIDDLE, 2=LOW, 3=EL, 4=EH, *=N/A",,,
,RULE16.SETTINGS.SHOULD_MATCH_ERR_LEVEL,,1,,STATUS,,,,,,,"0=NO, 1=YES, *=N/A",,,
,RULE16.SETTINGS.IS_ACTIVE,,1,,STATUS,,,,,,,"0=INACTIVE, 1=ACTIVE, *=N/A",,,
,RULE16.SETTINGS.CONDITION.TYPE,,3,,STATUS,,,,,,,"0=SINGLE, 1=CONTINUOUS, 2=CUMULATIVE, *=N/A",,,
,RULE16.SETTINGS.CONDITION.COUNT_THRESHOLD,uint16_t,,rules[16 + offset].settings.condition.count_threshold,NONE,,,,,,,,,,
,RULE16.SETTINGS.CONDITION.TIME_THRESHOLD_MS,uint32_t,,rules[16 + offset].settings.condition.time_threshold_ms,NONE,,,,,,,,,,
,RULE16.SETTINGS.DEPLOY_BCT_ID,uint16_t,,(uint16_t)rules[16 + offset].settings.deploy_bct_id,NONE,,,,,,,,,,
,RULE16.COUNTER,uint16_t,,rules[16 + offset].counter,NONE,,,,,,,,,,
,RULE16.LAST_EVENT_TIME.TOTAL_CYCLE,uint32_t,,(uint32_t)rules[16 + offset].last_event_time.total_cycle,NONE,,,,,,,,,,
,RULE17.SETTINGS.EVENT.GROUP,uint8_t,,(uint8_t)rules[17 + offset].settings.event.group,NONE,,,,,,,,,,
,RULE17.SETTINGS.EVENT.LOCAL,uint32_t,,rules[17 + offset].settings.event.local,NONE,,,,,,,,,,
,RULE17.SETTINGS.EVENT.ERR_LEVEL,_uint8_t,3,(uint8_t)((((uint8_t)rules[17 + offset].settings.event.err_level) << 5 & 0xe0) | (rules[17 + offset].settings.should_match_err_level << 4 & 0x10) | (rules[17 + offset].settings.is_active << 3 & 0x08) | (((uint8_t)rules[17 + offset].settings.condition.type) & 0x07)),STATUS,,,,,,,"0=HIGH, 1=MIDDLE, 2=LOW, 3=EL, 4=EH, *=N/A",,,
,RULE17.SETTINGS.SHOULD_MATCH_ERR_LEVEL,,1,,STATUS,,,,,,,"0=NO, 1=YES, *=N/A",,,
,RULE17.SETTINGS.IS_ACTIVE,,1,,STATUS,,,,,,,"0=INACTIVE, 1=ACTIVE, *=N/A",,,
,RULE17.SETTINGS.CONDITION.TYPE,,3,,STATUS,,,,,,,"0=SINGLE, 1=CONTINUOUS, 2=CUMULATIVE, *=N/A",,,
,RULE17.SETTINGS.CONDITION.COUNT_THRESHOLD,uint16_t,,rules[17 + offset].settings.condition.count_threshold,NONE,,,,,,,,,,
,RULE17.SETTINGS.CONDITION.TIME_THRESHOLD_MS,uint32_t,,rules[17 + offset].settings.condition.time_threshold_ms,NONE,,,,,,,,,,
,RULE17.SETTINGS.DEPLOY_BCT_ID,uint16_t,,(uint16_t)rules[17 + offset].settings.deploy_bct_id,NONE,,,,,,,,,,
,RULE17.COUNTER,uint16_t,,rules[17 + offset].counter,NONE,,,,,,,,,,
,RULE17.LAST_EVENT_TIME.TOTAL_CYCLE,uint32_t,,(uint32_t)rules[17 + offset].last_event_time.total_cycle,NONE,,,,,,,,,,
,RULE18.SETTINGS.EVENT.GROUP,uint8_t,,(uint8_t)rules[18 + offset].settings.event.group,NONE,,,,,,,,,,
,RULE18.SETTINGS.EVENT.LOCAL,uint32_t,,rules[18 + offset].settings.event.local,NONE,,,,,,,,,,
,RULE18.SETTINGS.EVENT.ERR_LEVEL,_uint8_t,3,(uint8_t)((((uint8_t)rules[18 + offset].settings.event.err_level) << 5 & 0xe0) | (rules[18 + offset].settings.should_match_err_level << 4 & 0x10) | (rules[18 + offset].settings.is_active << 3 & 0x08) | (((uint8_t)rules[18 + offset].settings.condition.type) & 0x07)),STATUS,,,,,,,"0=HIGH, 1=MIDDLE, 2=LOW, 3=EL, 4=EH, *=N/A",,,
,RULE18.SETTINGS.SHOULD_MATCH_ERR_LEVEL,,1,,STATUS,,,,,,,"0=NO, 1=YES, *=N/A",,,
,RULE18.SETTINGS.IS_ACTIVE,,1,,STATUS,,,,,,,"0=INACTIVE, 1=ACTIVE, *=N/A",,,
,RULE18.SETTINGS.CONDITION.TYPE,,3,,STATUS,,,,,,,"0=SINGLE, 1=CONTINUOUS, 2=CUMULATIVE, *=N/A",,,
,RULE18.SETTINGS.CONDITION.COUNT_THRESHOLD,uint16_t,,rules[18 + offset].settings.condition.count_threshold,NONE,,,,,,,,,,
,RULE18.SETTINGS.CONDITION.TIME_THRESHOLD_MS,uint32_t,,rules[18 + offset].settings.condition.time_threshold_ms,NONE,,,,,,,,,,
,RULE18.SETTINGS.DEPLOY_BCT_ID,uint16_t,,(uint16_t)rules[18 + offset].settings.deploy_bct_id,NONE,,,,,,,,,,
,RULE18.COUNTER,uint16_t,,rules[18 + offset].counter,NONE,,,,,,,,,,
,RULE18.LAST_EVENT_TIME.TOTAL_CYCLE,uint32_t,,(uint32_t)rules[18 + offset].last_event_time.total_cycle,NONE,,,,,,,,,,
,RULE19.SETTINGS.EVENT.GROUP,uint8_t,,(uint8_t)rules[19 + offset].settings.event.group,NONE,,,,,,,,,,
,RULE19.SETTINGS.EVENT.LOCAL,uint32_t,,rules[19 + offset].settings.event.local,NONE,,,,,,,,,,
,RULE19.SETTINGS.EVENT.ERR_LEVEL,_uint8_t,3,(uint8_t)((((uint8_t)rules[19 + offset].settings.event.err_level) << 5 & 0xe0) | (rules[19 + offset].settings.should_match_err_level << 4 & 0x10) | (rules[19 + offset].settings.is_active << 3 & 0x08) | (((uint8_t)rules[19 + offset].settings.condition.type) & 0x07)),STATUS,,,,,,,"0=HIGH, 1=MIDDLE, 2=LOW, 3=EL, 4=EH, *=N/A",,,
,RULE19.SETTINGS.SHOULD_MATCH_ERR_LEVEL,,1,,STATUS,,,,,,,"0=NO, 1=YES, *=N/A",,,
,RULE19.SETTINGS.IS_ACTIVE,,1,,STATUS,,,,,,,"0=INACTIVE, 1=ACTIVE, *=N/A",,,
,RULE19.SETTINGS.CONDITION.TYPE,,3,,STATUS,,,,,,,"0=SINGLE, 1=CONTINUOUS, 2=CUMULATIVE, *=N/A",,,
,RULE19.SETTINGS.CONDITION.COUNT_THRESHOLD,uint16_t,,rules[19 + offset].settings.condition.count_threshold,NONE,,,,,,,,,,
,RULE19.SETTINGS.CONDITION.TIME_THRESHOLD_MS,uint32_t,,rules[19 + offset].settings.condition.time_threshold_ms,NONE,,,,,,,,,,
,RULE19.SETTINGS.DEPLOY_BCT_ID,uint16_t,,(uint16_t)rules[19 + offset].settings.deploy_bct_id,NONE,,,,,,,,,,
,RULE19.COUNTER,uint16_t,,rules[19 + offset].counter,NONE,,,,,,,,,,
,RULE19.LAST_EVENT_TIME.TOTAL_CYCLE,uint32_t,,(uint32_t)rules[19 + offset].last_event_time.total_cycle,NONE,,,,,,,,,,
