FALSE,14,OBC,,,,,,,,,,,,,
subsystem,name,type,bit,var,conv,a0,a1,a2,a3,a4,a5,status,description,note,priority
,PH.VER,_uint16_t,3,,NONE,,,,,,,,,,
,PH.TYPE,,1,,NONE,,,,,,,,,,
,PH.SH_FLAG,,1,,NONE,,,,,,,,,,
,PH.APID,,11,,NONE,,,,,,,,,,
,PH.SEQ_FLAG,_uint16_t,2,,NONE,,,,,,,,,,
,PH.SEQ_COUNT,,14,,NONE,,,,,,,,,,
,PH.PACKET_LEN,uint16_t,,,NONE,,,,,,,,,,
,SH.VER,uint8_t,,,NONE,,,,,,,,,,
,SH.TI,uint32_t,,,NONE,,,,,,,,,,
,SH.TLM_ID,uint8_t,,,HEX,,,,,,,,,,
,SH.GLOBAL_TIME,double,,,NONE,,,,,,,,,,
,SH.ON_BOARD_SUBNET_TIME,uint32_t,,,NONE,,,,,,,,,,
,SH.DEST_FLAGS,uint8_t,,,HEX,,,,,,,,,,
,SH.DEST_INFO,uint8_t,,,NONE,,,,,,,,,,
,CORE0,uint8_t,,(uint8_t)GIT_REV_CORE[0],HEX,,,,,,,,,,
,CORE1,uint8_t,,(uint8_t)GIT_REV_CORE[1],HEX,,,,,,,,,,
,CORE2,uint8_t,,(uint8_t)GIT_REV_CORE[2],HEX,,,,,,,,,,
,CORE3,uint8_t,,(uint8_t)GIT_REV_CORE[3],HEX,,,,,,,,,,
,CORE4,uint8_t,,(uint8_t)GIT_REV_CORE[4],HEX,,,,,,,,,,
,CORE5,uint8_t,,(uint8_t)GIT_REV_CORE[5],HEX,,,,,,,,,,
,CORE6,uint8_t,,(uint8_t)GIT_REV_CORE[6],HEX,,,,,,,,,,
,CORE7,uint8_t,,(uint8_t)GIT_REV_CORE[7],HEX,,,,,,,,,,
,CORE8,uint8_t,,(uint8_t)GIT_REV_CORE[8],HEX,,,,,,,,,,
,CORE9,uint8_t,,(uint8_t)GIT_REV_CORE[9],HEX,,,,,,,,,,
,CORE10,uint8_t,,(uint8_t)GIT_REV_CORE[10],HEX,,,,,,,,,,
,CORE11,uint8_t,,(uint8_t)GIT_REV_CORE[11],HEX,,,,,,,,,,
,CORE12,uint8_t,,(uint8_t)GIT_REV_CORE[12],HEX,,,,,,,,,,
,CORE13,uint8_t,,(uint8_t)GIT_REV_CORE[13],HEX,,,,,,,,,,
,CORE14,uint8_t,,(uint8_t)GIT_REV_CORE[14],HEX,,,,,,,,,,
,CORE15,uint8_t,,(uint8_t)GIT_REV_CORE[15],HEX,,,,,,,,,,
,CORE16,uint8_t,,(uint8_t)GIT_REV_CORE[16],HEX,,,,,,,,,,
,CORE17,uint8_t,,(uint8_t)GIT_REV_CORE[17],HEX,,,,,,,,,,
,CORE18,uint8_t,,(uint8_t)GIT_REV_CORE[18],HEX,,,,,,,,,,
,CORE19,uint8_t,,(uint8_t)GIT_REV_CORE[19],HEX,,,,,,,,,,
,CORE20,uint8_t,,(uint8_t)GIT_REV_CORE[20],HEX,,,,,,,,,,
,CORE21,uint8_t,,(uint8_t)GIT_REV_CORE[21],HEX,,,,,,,,,,
,CORE22,uint8_t,,(uint8_t)GIT_REV_CORE[22],HEX,,,,,,,,,,
,CORE23,uint8_t,,(uint8_t)GIT_REV_CORE[23],HEX,,,,,,,,,,
,CORE24,uint8_t,,(uint8_t)GIT_REV_CORE[24],HEX,,,,,,,,,,
,CORE25,uint8_t,,(uint8_t)GIT_REV_CORE[25],HEX,,,,,,,,,,
,CORE26,uint8_t,,(uint8_t)GIT_REV_CORE[26],HEX,,,,,,,,,,
,CORE27,uint8_t,,(uint8_t)GIT_REV_CORE[27],HEX,,,,,,,,,,
,CORE28,uint8_t,,(uint8_t)GIT_REV_CORE[28],HEX,,,,,,,,,,
,CORE29,uint8_t,,(uint8_t)GIT_REV_CORE[29],HEX,,,,,,,,,,
,CORE30,uint8_t,,(uint8_t)GIT_REV_CORE[30],HEX,,,,,,,,,,
,CORE31,uint8_t,,(uint8_t)GIT_REV_CORE[31],HEX,,,,,,,,,,
,CORE32,uint8_t,,(uint8_t)GIT_REV_CORE[32],HEX,,,,,,,,,,
,CORE33,uint8_t,,(uint8_t)GIT_REV_CORE[33],HEX,,,,,,,,,,
,CORE34,uint8_t,,(uint8_t)GIT_REV_CORE[34],HEX,,,,,,,,,,
,CORE35,uint8_t,,(uint8_t)GIT_REV_CORE[35],HEX,,,,,,,,,,
,CORE36,uint8_t,,(uint8_t)GIT_REV_CORE[36],HEX,,,,,,,,,,
,CORE37,uint8_t,,(uint8_t)GIT_REV_CORE[37],HEX,,,,,,,,,,
,CORE38,uint8_t,,(uint8_t)GIT_REV_CORE[38],HEX,,,,,,,,,,
,CORE39,uint8_t,,(uint8_t)GIT_REV_CORE[39],HEX,,,,,,,,,,
,CORE40,uint8_t,,(uint8_t)GIT_REV_CORE[40],HEX,,,,,,,,,,
,USER0,uint8_t,,(uint8_t)GIT_REV_USER[0],HEX,,,,,,,,,,
,USER1,uint8_t,,(uint8_t)GIT_REV_USER[1],HEX,,,,,,,,,,
,USER2,uint8_t,,(uint8_t)GIT_REV_USER[2],HEX,,,,,,,,,,
,USER3,uint8_t,,(uint8_t)GIT_REV_USER[3],HEX,,,,,,,,,,
,USER4,uint8_t,,(uint8_t)GIT_REV_USER[4],HEX,,,,,,,,,,
,USER5,uint8_t,,(uint8_t)GIT_REV_USER[5],HEX,,,,,,,,,,
,USER6,uint8_t,,(uint8_t)GIT_REV_USER[6],HEX,,,,,,,,,,
,USER7,uint8_t,,(uint8_t)GIT_REV_USER[7],HEX,,,,,,,,,,
,USER8,uint8_t,,(uint8_t)GIT_REV_USER[8],HEX,,,,,,,,,,
,USER9,uint8_t,,(uint8_t)GIT_REV_USER[9],HEX,,,,,,,,,,
,USER10,uint8_t,,(uint8_t)GIT_REV_USER[10],HEX,,,,,,,,,,
,USER11,uint8_t,,(uint8_t)GIT_REV_USER[11],HEX,,,,,,,,,,
,USER12,uint8_t,,(uint8_t)GIT_REV_USER[12],HEX,,,,,,,,,,
,USER13,uint8_t,,(uint8_t)GIT_REV_USER[13],HEX,,,,,,,,,,
,USER14,uint8_t,,(uint8_t)GIT_REV_USER[14],HEX,,,,,,,,,,
,USER15,uint8_t,,(uint8_t)GIT_REV_USER[15],HEX,,,,,,,,,,
,USER16,uint8_t,,(uint8_t)GIT_REV_USER[16],HEX,,,,,,,,,,
,USER17,uint8_t,,(uint8_t)GIT_REV_USER[17],HEX,,,,,,,,,,
,USER18,uint8_t,,(uint8_t)GIT_REV_USER[18],HEX,,,,,,,,,,
,USER19,uint8_t,,(uint8_t)GIT_REV_USER[19],HEX,,,,,,,,,,
,USER20,uint8_t,,(uint8_t)GIT_REV_USER[20],HEX,,,,,,,,,,
,USER21,uint8_t,,(uint8_t)GIT_REV_USER[21],HEX,,,,,,,,,,
,USER22,uint8_t,,(uint8_t)GIT_REV_USER[22],HEX,,,,,,,,,,
,USER23,uint8_t,,(uint8_t)GIT_REV_USER[23],HEX,,,,,,,,,,
,USER24,uint8_t,,(uint8_t)GIT_REV_USER[24],HEX,,,,,,,,,,
,USER25,uint8_t,,(uint8_t)GIT_REV_USER[25],HEX,,,,,,,,,,
,USER26,uint8_t,,(uint8_t)GIT_REV_USER[26],HEX,,,,,,,,,,
,USER27,uint8_t,,(uint8_t)GIT_REV_USER[27],HEX,,,,,,,,,,
,USER28,uint8_t,,(uint8_t)GIT_REV_USER[28],HEX,,,,,,,,,,
,USER29,uint8_t,,(uint8_t)GIT_REV_USER[29],HEX,,,,,,,,,,
,USER30,uint8_t,,(uint8_t)GIT_REV_USER[30],HEX,,,,,,,,,,
,USER31,uint8_t,,(uint8_t)GIT_REV_USER[31],HEX,,,,,,,,,,
,USER32,uint8_t,,(uint8_t)GIT_REV_USER[32],HEX,,,,,,,,,,
,USER33,uint8_t,,(uint8_t)GIT_REV_USER[33],HEX,,,,,,,,,,
,USER34,uint8_t,,(uint8_t)GIT_REV_USER[34],HEX,,,,,,,,,,
,USER35,uint8_t,,(uint8_t)GIT_REV_USER[35],HEX,,,,,,,,,,
,USER36,uint8_t,,(uint8_t)GIT_REV_USER[36],HEX,,,,,,,,,,
,USER37,uint8_t,,(uint8_t)GIT_REV_USER[37],HEX,,,,,,,,,,
,USER38,uint8_t,,(uint8_t)GIT_REV_USER[38],HEX,,,,,,,,,,
,USER39,uint8_t,,(uint8_t)GIT_REV_USER[39],HEX,,,,,,,,,,
,USER40,uint8_t,,(uint8_t)GIT_REV_USER[40],HEX,,,,,,,,,,
