FALSE,15,OBC,,,,,,,,,,,,,
subsystem,name,type,bit,var,conv,a0,a1,a2,a3,a4,a5,status,description,note,priority
,PH.VER,_uint16_t,3,,NONE,,,,,,,,,,
,PH.TYPE,,1,,NONE,,,,,,,,,,
,PH.SH_FLAG,,1,,NONE,,,,,,,,,,
,PH.APID,,11,,NONE,,,,,,,,,,
,PH.SEQ_FLAG,_uint16_t,2,,NONE,,,,,,,,,,
,PH.SEQ_COUNT,,14,,NONE,,,,,,,,,,
,PH.PACKET_LEN,uint16_t,,,NONE,,,,,,,,,,
,SH.VER,uint8_t,,,NONE,,,,,,,,,,
,SH.TI,uint32_t,,,NONE,,,,,,,,,,
,SH.TLM_ID,uint8_t,,,HEX,,,,,,,,,,
,SH.GLOBAL_TIME,double,,,NONE,,,,,,,,,,
,SH.ON_BOARD_SUBNET_TIME,uint32_t,,,NONE,,,,,,,,,,
,SH.DEST_FLAGS,uint8_t,,,HEX,,,,,,,,,,
,SH.DEST_INFO,uint8_t,,,NONE,,,,,,,,,,
,CURRENT_MODE,uint8_t,,(uint8_t)(mode_manager->current_id),NONE,,,,,,,,,,
,PREVIOSU_MODE,uint8_t,,(uint8_t)(mode_manager->previous_id),NONE,,,,,,,,,,
,TRANSITION_STATUS,uint8_t,,(uint8_t)(mode_manager->stat),NONE,,,,,,,,,,
,MM_ACK,uint8_t,,(uint8_t)(mode_manager->mm_ack),NONE,,,,,,,,,,
,MODE_LIST_0,uint16_t,,(uint16_t)(mode_manager->mode_list[0]),NONE,,,,,,,,,,
,MODE_LIST_1,uint16_t,,(uint16_t)(mode_manager->mode_list[1]),NONE,,,,,,,,,,
,MODE_LIST_2,uint16_t,,(uint16_t)(mode_manager->mode_list[2]),NONE,,,,,,,,,,
,MODE_LIST_3,uint16_t,,(uint16_t)(mode_manager->mode_list[3]),NONE,,,,,,,,,,
,MODE_LIST_4,uint16_t,,(uint16_t)(mode_manager->mode_list[4]),NONE,,,,,,,,,,
,MODE_LIST_5,uint16_t,,(uint16_t)(mode_manager->mode_list[5]),NONE,,,,,,,,,,
,MODE_LIST_6,uint16_t,,(uint16_t)(mode_manager->mode_list[6]),NONE,,,,,,,,,,
,MODE_LIST_7,uint16_t,,(uint16_t)(mode_manager->mode_list[7]),NONE,,,,,,,,,,
,MODE_LIST_8,uint16_t,,(uint16_t)(mode_manager->mode_list[8]),NONE,,,,,,,,,,
,MODE_LIST_9,uint16_t,,(uint16_t)(mode_manager->mode_list[9]),NONE,,,,,,,,,,
,MODE_LIST_10,uint16_t,,(uint16_t)(mode_manager->mode_list[10]),NONE,,,,,,,,,,
,MODE_LIST_11,uint16_t,,(uint16_t)(mode_manager->mode_list[11]),NONE,,,,,,,,,,
,MODE_LIST_12,uint16_t,,(uint16_t)(mode_manager->mode_list[12]),NONE,,,,,,,,,,
,MODE_LIST_13,uint16_t,,(uint16_t)(mode_manager->mode_list[13]),NONE,,,,,,,,,,
,MODE_LIST_14,uint16_t,,(uint16_t)(mode_manager->mode_list[14]),NONE,,,,,,,,,,
,MODE_LIST_15,uint16_t,,(uint16_t)(mode_manager->mode_list[15]),NONE,,,,,,,,,,
,EDGE_NUM,uint16_t,,MM_update_transition_table_for_tlm(),NONE,,,,,,,,,,
,MODE_TRANSITION_TABLE_FROM_0,uint8_t,,mode_manager->transition_table_for_tlm[0].from,NONE,,,,,,,,,,
,MODE_TRANSITION_TABLE_TO_0,uint8_t,,mode_manager->transition_table_for_tlm[0].to,NONE,,,,,,,,,,
,MODE_TRANSITION_TABLE_ID_0,uint16_t,,(uint16_t)(mode_manager->transition_table_for_tlm[0].bc_index),NONE,,,,,,,,,,
,MODE_TRANSITION_TABLE_FROM_1,uint8_t,,mode_manager->transition_table_for_tlm[1].from,NONE,,,,,,,,,,
,MODE_TRANSITION_TABLE_TO_1,uint8_t,,mode_manager->transition_table_for_tlm[1].to,NONE,,,,,,,,,,
,MODE_TRANSITION_TABLE_ID_1,uint16_t,,(uint16_t)(mode_manager->transition_table_for_tlm[1].bc_index),NONE,,,,,,,,,,
,MODE_TRANSITION_TABLE_FROM_2,uint8_t,,mode_manager->transition_table_for_tlm[2].from,NONE,,,,,,,,,,
,MODE_TRANSITION_TABLE_TO_2,uint8_t,,mode_manager->transition_table_for_tlm[2].to,NONE,,,,,,,,,,
,MODE_TRANSITION_TABLE_ID_2,uint16_t,,(uint16_t)(mode_manager->transition_table_for_tlm[2].bc_index),NONE,,,,,,,,,,
,MODE_TRANSITION_TABLE_FROM_3,uint8_t,,mode_manager->transition_table_for_tlm[3].from,NONE,,,,,,,,,,
,MODE_TRANSITION_TABLE_TO_3,uint8_t,,mode_manager->transition_table_for_tlm[3].to,NONE,,,,,,,,,,
,MODE_TRANSITION_TABLE_ID_3,uint16_t,,(uint16_t)(mode_manager->transition_table_for_tlm[3].bc_index),NONE,,,,,,,,,,
,MODE_TRANSITION_TABLE_FROM_4,uint8_t,,mode_manager->transition_table_for_tlm[4].from,NONE,,,,,,,,,,
,MODE_TRANSITION_TABLE_TO_4,uint8_t,,mode_manager->transition_table_for_tlm[4].to,NONE,,,,,,,,,,
,MODE_TRANSITION_TABLE_ID_4,uint16_t,,(uint16_t)(mode_manager->transition_table_for_tlm[4].bc_index),NONE,,,,,,,,,,
,MODE_TRANSITION_TABLE_FROM_5,uint8_t,,mode_manager->transition_table_for_tlm[5].from,NONE,,,,,,,,,,
,MODE_TRANSITION_TABLE_TO_5,uint8_t,,mode_manager->transition_table_for_tlm[5].to,NONE,,,,,,,,,,
,MODE_TRANSITION_TABLE_ID_5,uint16_t,,(uint16_t)(mode_manager->transition_table_for_tlm[5].bc_index),NONE,,,,,,,,,,
,MODE_TRANSITION_TABLE_FROM_6,uint8_t,,mode_manager->transition_table_for_tlm[6].from,NONE,,,,,,,,,,
,MODE_TRANSITION_TABLE_TO_6,uint8_t,,mode_manager->transition_table_for_tlm[6].to,NONE,,,,,,,,,,
,MODE_TRANSITION_TABLE_ID_6,uint16_t,,(uint16_t)(mode_manager->transition_table_for_tlm[6].bc_index),NONE,,,,,,,,,,
,MODE_TRANSITION_TABLE_FROM_7,uint8_t,,mode_manager->transition_table_for_tlm[7].from,NONE,,,,,,,,,,
,MODE_TRANSITION_TABLE_TO_7,uint8_t,,mode_manager->transition_table_for_tlm[7].to,NONE,,,,,,,,,,
,MODE_TRANSITION_TABLE_ID_7,uint16_t,,(uint16_t)(mode_manager->transition_table_for_tlm[7].bc_index),NONE,,,,,,,,,,
,MODE_TRANSITION_TABLE_FROM_8,uint8_t,,mode_manager->transition_table_for_tlm[8].from,NONE,,,,,,,,,,
,MODE_TRANSITION_TABLE_TO_8,uint8_t,,mode_manager->transition_table_for_tlm[8].to,NONE,,,,,,,,,,
,MODE_TRANSITION_TABLE_ID_8,uint16_t,,(uint16_t)(mode_manager->transition_table_for_tlm[8].bc_index),NONE,,,,,,,,,,
,MODE_TRANSITION_TABLE_FROM_9,uint8_t,,mode_manager->transition_table_for_tlm[9].from,NONE,,,,,,,,,,
,MODE_TRANSITION_TABLE_TO_9,uint8_t,,mode_manager->transition_table_for_tlm[9].to,NONE,,,,,,,,,,
,MODE_TRANSITION_TABLE_ID_9,uint16_t,,(uint16_t)(mode_manager->transition_table_for_tlm[9].bc_index),NONE,,,,,,,,,,
,MODE_TRANSITION_TABLE_FROM_10,uint8_t,,mode_manager->transition_table_for_tlm[10].from,NONE,,,,,,,,,,
,MODE_TRANSITION_TABLE_TO_10,uint8_t,,mode_manager->transition_table_for_tlm[10].to,NONE,,,,,,,,,,
,MODE_TRANSITION_TABLE_ID_10,uint16_t,,(uint16_t)(mode_manager->transition_table_for_tlm[10].bc_index),NONE,,,,,,,,,,
,MODE_TRANSITION_TABLE_FROM_11,uint8_t,,mode_manager->transition_table_for_tlm[11].from,NONE,,,,,,,,,,
,MODE_TRANSITION_TABLE_TO_11,uint8_t,,mode_manager->transition_table_for_tlm[11].to,NONE,,,,,,,,,,
,MODE_TRANSITION_TABLE_ID_11,uint16_t,,(uint16_t)(mode_manager->transition_table_for_tlm[11].bc_index),NONE,,,,,,,,,,
,MODE_TRANSITION_TABLE_FROM_12,uint8_t,,mode_manager->transition_table_for_tlm[12].from,NONE,,,,,,,,,,
,MODE_TRANSITION_TABLE_TO_12,uint8_t,,mode_manager->transition_table_for_tlm[12].to,NONE,,,,,,,,,,
,MODE_TRANSITION_TABLE_ID_12,uint16_t,,(uint16_t)(mode_manager->transition_table_for_tlm[12].bc_index),NONE,,,,,,,,,,
,MODE_TRANSITION_TABLE_FROM_13,uint8_t,,mode_manager->transition_table_for_tlm[13].from,NONE,,,,,,,,,,
,MODE_TRANSITION_TABLE_TO_13,uint8_t,,mode_manager->transition_table_for_tlm[13].to,NONE,,,,,,,,,,
,MODE_TRANSITION_TABLE_ID_13,uint16_t,,(uint16_t)(mode_manager->transition_table_for_tlm[13].bc_index),NONE,,,,,,,,,,
,MODE_TRANSITION_TABLE_FROM_14,uint8_t,,mode_manager->transition_table_for_tlm[14].from,NONE,,,,,,,,,,
,MODE_TRANSITION_TABLE_TO_14,uint8_t,,mode_manager->transition_table_for_tlm[14].to,NONE,,,,,,,,,,
,MODE_TRANSITION_TABLE_ID_14,uint16_t,,(uint16_t)(mode_manager->transition_table_for_tlm[14].bc_index),NONE,,,,,,,,,,
,MODE_TRANSITION_TABLE_FROM_15,uint8_t,,mode_manager->transition_table_for_tlm[15].from,NONE,,,,,,,,,,
,MODE_TRANSITION_TABLE_TO_15,uint8_t,,mode_manager->transition_table_for_tlm[15].to,NONE,,,,,,,,,,
,MODE_TRANSITION_TABLE_ID_15,uint16_t,,(uint16_t)(mode_manager->transition_table_for_tlm[15].bc_index),NONE,,,,,,,,,,
,MODE_TRANSITION_TABLE_FROM_16,uint8_t,,mode_manager->transition_table_for_tlm[16].from,NONE,,,,,,,,,,
,MODE_TRANSITION_TABLE_TO_16,uint8_t,,mode_manager->transition_table_for_tlm[16].to,NONE,,,,,,,,,,
,MODE_TRANSITION_TABLE_ID_16,uint16_t,,(uint16_t)(mode_manager->transition_table_for_tlm[16].bc_index),NONE,,,,,,,,,,
,MODE_TRANSITION_TABLE_FROM_17,uint8_t,,mode_manager->transition_table_for_tlm[17].from,NONE,,,,,,,,,,
,MODE_TRANSITION_TABLE_TO_17,uint8_t,,mode_manager->transition_table_for_tlm[17].to,NONE,,,,,,,,,,
,MODE_TRANSITION_TABLE_ID_17,uint16_t,,(uint16_t)(mode_manager->transition_table_for_tlm[17].bc_index),NONE,,,,,,,,,,
,MODE_TRANSITION_TABLE_FROM_18,uint8_t,,mode_manager->transition_table_for_tlm[18].from,NONE,,,,,,,,,,
,MODE_TRANSITION_TABLE_TO_18,uint8_t,,mode_manager->transition_table_for_tlm[18].to,NONE,,,,,,,,,,
,MODE_TRANSITION_TABLE_ID_18,uint16_t,,(uint16_t)(mode_manager->transition_table_for_tlm[18].bc_index),NONE,,,,,,,,,,
,MODE_TRANSITION_TABLE_FROM_19,uint8_t,,mode_manager->transition_table_for_tlm[19].from,NONE,,,,,,,,,,
,MODE_TRANSITION_TABLE_TO_19,uint8_t,,mode_manager->transition_table_for_tlm[19].to,NONE,,,,,,,,,,
,MODE_TRANSITION_TABLE_ID_19,uint16_t,,(uint16_t)(mode_manager->transition_table_for_tlm[19].bc_index),NONE,,,,,,,,,,
,MODE_TRANSITION_TABLE_FROM_20,uint8_t,,mode_manager->transition_table_for_tlm[20].from,NONE,,,,,,,,,,
,MODE_TRANSITION_TABLE_TO_20,uint8_t,,mode_manager->transition_table_for_tlm[20].to,NONE,,,,,,,,,,
,MODE_TRANSITION_TABLE_ID_20,uint16_t,,(uint16_t)(mode_manager->transition_table_for_tlm[20].bc_index),NONE,,,,,,,,,,
,MODE_TRANSITION_TABLE_FROM_21,uint8_t,,mode_manager->transition_table_for_tlm[21].from,NONE,,,,,,,,,,
,MODE_TRANSITION_TABLE_TO_21,uint8_t,,mode_manager->transition_table_for_tlm[21].to,NONE,,,,,,,,,,
,MODE_TRANSITION_TABLE_ID_21,uint16_t,,(uint16_t)(mode_manager->transition_table_for_tlm[21].bc_index),NONE,,,,,,,,,,
,MODE_TRANSITION_TABLE_FROM_22,uint8_t,,mode_manager->transition_table_for_tlm[22].from,NONE,,,,,,,,,,
,MODE_TRANSITION_TABLE_TO_22,uint8_t,,mode_manager->transition_table_for_tlm[22].to,NONE,,,,,,,,,,
,MODE_TRANSITION_TABLE_ID_22,uint16_t,,(uint16_t)(mode_manager->transition_table_for_tlm[22].bc_index),NONE,,,,,,,,,,
,MODE_TRANSITION_TABLE_FROM_23,uint8_t,,mode_manager->transition_table_for_tlm[23].from,NONE,,,,,,,,,,
,MODE_TRANSITION_TABLE_TO_23,uint8_t,,mode_manager->transition_table_for_tlm[23].to,NONE,,,,,,,,,,
,MODE_TRANSITION_TABLE_ID_23,uint16_t,,(uint16_t)(mode_manager->transition_table_for_tlm[23].bc_index),NONE,,,,,,,,,,
,MODE_TRANSITION_TABLE_FROM_24,uint8_t,,mode_manager->transition_table_for_tlm[24].from,NONE,,,,,,,,,,
,MODE_TRANSITION_TABLE_TO_24,uint8_t,,mode_manager->transition_table_for_tlm[24].to,NONE,,,,,,,,,,
,MODE_TRANSITION_TABLE_ID_24,uint16_t,,(uint16_t)(mode_manager->transition_table_for_tlm[24].bc_index),NONE,,,,,,,,,,
,MODE_TRANSITION_TABLE_FROM_25,uint8_t,,mode_manager->transition_table_for_tlm[25].from,NONE,,,,,,,,,,
,MODE_TRANSITION_TABLE_TO_25,uint8_t,,mode_manager->transition_table_for_tlm[25].to,NONE,,,,,,,,,,
,MODE_TRANSITION_TABLE_ID_25,uint16_t,,(uint16_t)(mode_manager->transition_table_for_tlm[25].bc_index),NONE,,,,,,,,,,
,MODE_TRANSITION_TABLE_FROM_26,uint8_t,,mode_manager->transition_table_for_tlm[26].from,NONE,,,,,,,,,,
,MODE_TRANSITION_TABLE_TO_26,uint8_t,,mode_manager->transition_table_for_tlm[26].to,NONE,,,,,,,,,,
,MODE_TRANSITION_TABLE_ID_26,uint16_t,,(uint16_t)(mode_manager->transition_table_for_tlm[26].bc_index),NONE,,,,,,,,,,
,MODE_TRANSITION_TABLE_FROM_27,uint8_t,,mode_manager->transition_table_for_tlm[27].from,NONE,,,,,,,,,,
,MODE_TRANSITION_TABLE_TO_27,uint8_t,,mode_manager->transition_table_for_tlm[27].to,NONE,,,,,,,,,,
,MODE_TRANSITION_TABLE_ID_27,uint16_t,,(uint16_t)(mode_manager->transition_table_for_tlm[27].bc_index),NONE,,,,,,,,,,
,MODE_TRANSITION_TABLE_FROM_28,uint8_t,,mode_manager->transition_table_for_tlm[28].from,NONE,,,,,,,,,,
,MODE_TRANSITION_TABLE_TO_28,uint8_t,,mode_manager->transition_table_for_tlm[28].to,NONE,,,,,,,,,,
,MODE_TRANSITION_TABLE_ID_28,uint16_t,,(uint16_t)(mode_manager->transition_table_for_tlm[28].bc_index),NONE,,,,,,,,,,
,MODE_TRANSITION_TABLE_FROM_29,uint8_t,,mode_manager->transition_table_for_tlm[29].from,NONE,,,,,,,,,,
,MODE_TRANSITION_TABLE_TO_29,uint8_t,,mode_manager->transition_table_for_tlm[29].to,NONE,,,,,,,,,,
,MODE_TRANSITION_TABLE_ID_29,uint16_t,,(uint16_t)(mode_manager->transition_table_for_tlm[29].bc_index),NONE,,,,,,,,,,
,MODE_TRANSITION_TABLE_FROM_30,uint8_t,,mode_manager->transition_table_for_tlm[30].from,NONE,,,,,,,,,,
,MODE_TRANSITION_TABLE_TO_30,uint8_t,,mode_manager->transition_table_for_tlm[30].to,NONE,,,,,,,,,,
,MODE_TRANSITION_TABLE_ID_30,uint16_t,,(uint16_t)(mode_manager->transition_table_for_tlm[30].bc_index),NONE,,,,,,,,,,
,MODE_TRANSITION_TABLE_FROM_31,uint8_t,,mode_manager->transition_table_for_tlm[31].from,NONE,,,,,,,,,,
,MODE_TRANSITION_TABLE_TO_31,uint8_t,,mode_manager->transition_table_for_tlm[31].to,NONE,,,,,,,,,,
,MODE_TRANSITION_TABLE_ID_31,uint16_t,,(uint16_t)(mode_manager->transition_table_for_tlm[31].bc_index),NONE,,,,,,,,,,
,MODE_TRANSITION_TABLE_FROM_32,uint8_t,,mode_manager->transition_table_for_tlm[32].from,NONE,,,,,,,,,,
,MODE_TRANSITION_TABLE_TO_32,uint8_t,,mode_manager->transition_table_for_tlm[32].to,NONE,,,,,,,,,,
,MODE_TRANSITION_TABLE_ID_32,uint16_t,,(uint16_t)(mode_manager->transition_table_for_tlm[32].bc_index),NONE,,,,,,,,,,
,MODE_TRANSITION_TABLE_FROM_33,uint8_t,,mode_manager->transition_table_for_tlm[33].from,NONE,,,,,,,,,,
,MODE_TRANSITION_TABLE_TO_33,uint8_t,,mode_manager->transition_table_for_tlm[33].to,NONE,,,,,,,,,,
,MODE_TRANSITION_TABLE_ID_33,uint16_t,,(uint16_t)(mode_manager->transition_table_for_tlm[33].bc_index),NONE,,,,,,,,,,
,MODE_TRANSITION_TABLE_FROM_34,uint8_t,,mode_manager->transition_table_for_tlm[34].from,NONE,,,,,,,,,,
,MODE_TRANSITION_TABLE_TO_34,uint8_t,,mode_manager->transition_table_for_tlm[34].to,NONE,,,,,,,,,,
,MODE_TRANSITION_TABLE_ID_34,uint16_t,,(uint16_t)(mode_manager->transition_table_for_tlm[34].bc_index),NONE,,,,,,,,,,
,MODE_TRANSITION_TABLE_FROM_35,uint8_t,,mode_manager->transition_table_for_tlm[35].from,NONE,,,,,,,,,,
,MODE_TRANSITION_TABLE_TO_35,uint8_t,,mode_manager->transition_table_for_tlm[35].to,NONE,,,,,,,,,,
,MODE_TRANSITION_TABLE_ID_35,uint16_t,,(uint16_t)(mode_manager->transition_table_for_tlm[35].bc_index),NONE,,,,,,,,,,
,MODE_TRANSITION_TABLE_FROM_36,uint8_t,,mode_manager->transition_table_for_tlm[36].from,NONE,,,,,,,,,,
,MODE_TRANSITION_TABLE_TO_36,uint8_t,,mode_manager->transition_table_for_tlm[36].to,NONE,,,,,,,,,,
,MODE_TRANSITION_TABLE_ID_36,uint16_t,,(uint16_t)(mode_manager->transition_table_for_tlm[36].bc_index),NONE,,,,,,,,,,
,MODE_TRANSITION_TABLE_FROM_37,uint8_t,,mode_manager->transition_table_for_tlm[37].from,NONE,,,,,,,,,,
,MODE_TRANSITION_TABLE_TO_37,uint8_t,,mode_manager->transition_table_for_tlm[37].to,NONE,,,,,,,,,,
,MODE_TRANSITION_TABLE_ID_37,uint16_t,,(uint16_t)(mode_manager->transition_table_for_tlm[37].bc_index),NONE,,,,,,,,,,
,MODE_TRANSITION_TABLE_FROM_38,uint8_t,,mode_manager->transition_table_for_tlm[38].from,NONE,,,,,,,,,,
,MODE_TRANSITION_TABLE_TO_38,uint8_t,,mode_manager->transition_table_for_tlm[38].to,NONE,,,,,,,,,,
,MODE_TRANSITION_TABLE_ID_38,uint16_t,,(uint16_t)(mode_manager->transition_table_for_tlm[38].bc_index),NONE,,,,,,,,,,
,MODE_TRANSITION_TABLE_FROM_39,uint8_t,,mode_manager->transition_table_for_tlm[39].from,NONE,,,,,,,,,,
,MODE_TRANSITION_TABLE_TO_39,uint8_t,,mode_manager->transition_table_for_tlm[39].to,NONE,,,,,,,,,,
,MODE_TRANSITION_TABLE_ID_39,uint16_t,,(uint16_t)(mode_manager->transition_table_for_tlm[39].bc_index),NONE,,,,,,,,,,
,MODE_TRANSITION_TABLE_FROM_40,uint8_t,,mode_manager->transition_table_for_tlm[40].from,NONE,,,,,,,,,,
,MODE_TRANSITION_TABLE_TO_40,uint8_t,,mode_manager->transition_table_for_tlm[40].to,NONE,,,,,,,,,,
,MODE_TRANSITION_TABLE_ID_40,uint16_t,,(uint16_t)(mode_manager->transition_table_for_tlm[40].bc_index),NONE,,,,,,,,,,
,MODE_TRANSITION_TABLE_FROM_41,uint8_t,,mode_manager->transition_table_for_tlm[41].from,NONE,,,,,,,,,,
,MODE_TRANSITION_TABLE_TO_41,uint8_t,,mode_manager->transition_table_for_tlm[41].to,NONE,,,,,,,,,,
,MODE_TRANSITION_TABLE_ID_41,uint16_t,,(uint16_t)(mode_manager->transition_table_for_tlm[41].bc_index),NONE,,,,,,,,,,
,MODE_TRANSITION_TABLE_FROM_42,uint8_t,,mode_manager->transition_table_for_tlm[42].from,NONE,,,,,,,,,,
,MODE_TRANSITION_TABLE_TO_42,uint8_t,,mode_manager->transition_table_for_tlm[42].to,NONE,,,,,,,,,,
,MODE_TRANSITION_TABLE_ID_42,uint16_t,,(uint16_t)(mode_manager->transition_table_for_tlm[42].bc_index),NONE,,,,,,,,,,
,MODE_TRANSITION_TABLE_FROM_43,uint8_t,,mode_manager->transition_table_for_tlm[43].from,NONE,,,,,,,,,,
,MODE_TRANSITION_TABLE_TO_43,uint8_t,,mode_manager->transition_table_for_tlm[43].to,NONE,,,,,,,,,,
,MODE_TRANSITION_TABLE_ID_43,uint16_t,,(uint16_t)(mode_manager->transition_table_for_tlm[43].bc_index),NONE,,,,,,,,,,
,MODE_TRANSITION_TABLE_FROM_44,uint8_t,,mode_manager->transition_table_for_tlm[44].from,NONE,,,,,,,,,,
,MODE_TRANSITION_TABLE_TO_44,uint8_t,,mode_manager->transition_table_for_tlm[44].to,NONE,,,,,,,,,,
,MODE_TRANSITION_TABLE_ID_44,uint16_t,,(uint16_t)(mode_manager->transition_table_for_tlm[44].bc_index),NONE,,,,,,,,,,
,MODE_TRANSITION_TABLE_FROM_45,uint8_t,,mode_manager->transition_table_for_tlm[45].from,NONE,,,,,,,,,,
,MODE_TRANSITION_TABLE_TO_45,uint8_t,,mode_manager->transition_table_for_tlm[45].to,NONE,,,,,,,,,,
,MODE_TRANSITION_TABLE_ID_45,uint16_t,,(uint16_t)(mode_manager->transition_table_for_tlm[45].bc_index),NONE,,,,,,,,,,
,MODE_TRANSITION_TABLE_FROM_46,uint8_t,,mode_manager->transition_table_for_tlm[46].from,NONE,,,,,,,,,,
,MODE_TRANSITION_TABLE_TO_46,uint8_t,,mode_manager->transition_table_for_tlm[46].to,NONE,,,,,,,,,,
,MODE_TRANSITION_TABLE_ID_46,uint16_t,,(uint16_t)(mode_manager->transition_table_for_tlm[46].bc_index),NONE,,,,,,,,,,
,MODE_TRANSITION_TABLE_FROM_47,uint8_t,,mode_manager->transition_table_for_tlm[47].from,NONE,,,,,,,,,,
,MODE_TRANSITION_TABLE_TO_47,uint8_t,,mode_manager->transition_table_for_tlm[47].to,NONE,,,,,,,,,,
,MODE_TRANSITION_TABLE_ID_47,uint16_t,,(uint16_t)(mode_manager->transition_table_for_tlm[47].bc_index),NONE,,,,,,,,,,
,MODE_TRANSITION_TABLE_FROM_48,uint8_t,,mode_manager->transition_table_for_tlm[48].from,NONE,,,,,,,,,,
,MODE_TRANSITION_TABLE_TO_48,uint8_t,,mode_manager->transition_table_for_tlm[48].to,NONE,,,,,,,,,,
,MODE_TRANSITION_TABLE_ID_48,uint16_t,,(uint16_t)(mode_manager->transition_table_for_tlm[48].bc_index),NONE,,,,,,,,,,
,MODE_TRANSITION_TABLE_FROM_49,uint8_t,,mode_manager->transition_table_for_tlm[49].from,NONE,,,,,,,,,,
,MODE_TRANSITION_TABLE_TO_49,uint8_t,,mode_manager->transition_table_for_tlm[49].to,NONE,,,,,,,,,,
,MODE_TRANSITION_TABLE_ID_49,uint16_t,,(uint16_t)(mode_manager->transition_table_for_tlm[49].bc_index),NONE,,,,,,,,,,
,MODE_TRANSITION_TABLE_FROM_50,uint8_t,,mode_manager->transition_table_for_tlm[50].from,NONE,,,,,,,,,,
,MODE_TRANSITION_TABLE_TO_50,uint8_t,,mode_manager->transition_table_for_tlm[50].to,NONE,,,,,,,,,,
,MODE_TRANSITION_TABLE_ID_50,uint16_t,,(uint16_t)(mode_manager->transition_table_for_tlm[50].bc_index),NONE,,,,,,,,,,
,MODE_TRANSITION_TABLE_FROM_51,uint8_t,,mode_manager->transition_table_for_tlm[51].from,NONE,,,,,,,,,,
,MODE_TRANSITION_TABLE_TO_51,uint8_t,,mode_manager->transition_table_for_tlm[51].to,NONE,,,,,,,,,,
,MODE_TRANSITION_TABLE_ID_51,uint16_t,,(uint16_t)(mode_manager->transition_table_for_tlm[51].bc_index),NONE,,,,,,,,,,
,MODE_TRANSITION_TABLE_FROM_52,uint8_t,,mode_manager->transition_table_for_tlm[52].from,NONE,,,,,,,,,,
,MODE_TRANSITION_TABLE_TO_52,uint8_t,,mode_manager->transition_table_for_tlm[52].to,NONE,,,,,,,,,,
,MODE_TRANSITION_TABLE_ID_52,uint16_t,,(uint16_t)(mode_manager->transition_table_for_tlm[52].bc_index),NONE,,,,,,,,,,
,MODE_TRANSITION_TABLE_FROM_53,uint8_t,,mode_manager->transition_table_for_tlm[53].from,NONE,,,,,,,,,,
,MODE_TRANSITION_TABLE_TO_53,uint8_t,,mode_manager->transition_table_for_tlm[53].to,NONE,,,,,,,,,,
,MODE_TRANSITION_TABLE_ID_53,uint16_t,,(uint16_t)(mode_manager->transition_table_for_tlm[53].bc_index),NONE,,,,,,,,,,
,MODE_TRANSITION_TABLE_FROM_54,uint8_t,,mode_manager->transition_table_for_tlm[54].from,NONE,,,,,,,,,,
,MODE_TRANSITION_TABLE_TO_54,uint8_t,,mode_manager->transition_table_for_tlm[54].to,NONE,,,,,,,,,,
,MODE_TRANSITION_TABLE_ID_54,uint16_t,,(uint16_t)(mode_manager->transition_table_for_tlm[54].bc_index),NONE,,,,,,,,,,
,MODE_TRANSITION_TABLE_FROM_55,uint8_t,,mode_manager->transition_table_for_tlm[55].from,NONE,,,,,,,,,,
,MODE_TRANSITION_TABLE_TO_55,uint8_t,,mode_manager->transition_table_for_tlm[55].to,NONE,,,,,,,,,,
,MODE_TRANSITION_TABLE_ID_55,uint16_t,,(uint16_t)(mode_manager->transition_table_for_tlm[55].bc_index),NONE,,,,,,,,,,
,MODE_TRANSITION_TABLE_FROM_56,uint8_t,,mode_manager->transition_table_for_tlm[56].from,NONE,,,,,,,,,,
,MODE_TRANSITION_TABLE_TO_56,uint8_t,,mode_manager->transition_table_for_tlm[56].to,NONE,,,,,,,,,,
,MODE_TRANSITION_TABLE_ID_56,uint16_t,,(uint16_t)(mode_manager->transition_table_for_tlm[56].bc_index),NONE,,,,,,,,,,
,MODE_TRANSITION_TABLE_FROM_57,uint8_t,,mode_manager->transition_table_for_tlm[57].from,NONE,,,,,,,,,,
,MODE_TRANSITION_TABLE_TO_57,uint8_t,,mode_manager->transition_table_for_tlm[57].to,NONE,,,,,,,,,,
,MODE_TRANSITION_TABLE_ID_57,uint16_t,,(uint16_t)(mode_manager->transition_table_for_tlm[57].bc_index),NONE,,,,,,,,,,
,MODE_TRANSITION_TABLE_FROM_58,uint8_t,,mode_manager->transition_table_for_tlm[58].from,NONE,,,,,,,,,,
,MODE_TRANSITION_TABLE_TO_58,uint8_t,,mode_manager->transition_table_for_tlm[58].to,NONE,,,,,,,,,,
,MODE_TRANSITION_TABLE_ID_58,uint16_t,,(uint16_t)(mode_manager->transition_table_for_tlm[58].bc_index),NONE,,,,,,,,,,
,MODE_TRANSITION_TABLE_FROM_59,uint8_t,,mode_manager->transition_table_for_tlm[59].from,NONE,,,,,,,,,,
,MODE_TRANSITION_TABLE_TO_59,uint8_t,,mode_manager->transition_table_for_tlm[59].to,NONE,,,,,,,,,,
,MODE_TRANSITION_TABLE_ID_59,uint16_t,,(uint16_t)(mode_manager->transition_table_for_tlm[59].bc_index),NONE,,,,,,,,,,
,MODE_TRANSITION_TABLE_FROM_60,uint8_t,,mode_manager->transition_table_for_tlm[60].from,NONE,,,,,,,,,,
,MODE_TRANSITION_TABLE_TO_60,uint8_t,,mode_manager->transition_table_for_tlm[60].to,NONE,,,,,,,,,,
,MODE_TRANSITION_TABLE_ID_60,uint16_t,,(uint16_t)(mode_manager->transition_table_for_tlm[60].bc_index),NONE,,,,,,,,,,
,MODE_TRANSITION_TABLE_FROM_61,uint8_t,,mode_manager->transition_table_for_tlm[61].from,NONE,,,,,,,,,,
,MODE_TRANSITION_TABLE_TO_61,uint8_t,,mode_manager->transition_table_for_tlm[61].to,NONE,,,,,,,,,,
,MODE_TRANSITION_TABLE_ID_61,uint16_t,,(uint16_t)(mode_manager->transition_table_for_tlm[61].bc_index),NONE,,,,,,,,,,
,MODE_TRANSITION_TABLE_FROM_62,uint8_t,,mode_manager->transition_table_for_tlm[62].from,NONE,,,,,,,,,,
,MODE_TRANSITION_TABLE_TO_62,uint8_t,,mode_manager->transition_table_for_tlm[62].to,NONE,,,,,,,,,,
,MODE_TRANSITION_TABLE_ID_62,uint16_t,,(uint16_t)(mode_manager->transition_table_for_tlm[62].bc_index),NONE,,,,,,,,,,
,MODE_TRANSITION_TABLE_FROM_63,uint8_t,,mode_manager->transition_table_for_tlm[63].from,NONE,,,,,,,,,,
,MODE_TRANSITION_TABLE_TO_63,uint8_t,,mode_manager->transition_table_for_tlm[63].to,NONE,,,,,,,,,,
,MODE_TRANSITION_TABLE_ID_63,uint16_t,,(uint16_t)(mode_manager->transition_table_for_tlm[63].bc_index),NONE,,,,,,,,,,
,MODE_TRANSITION_TABLE_FROM_64,uint8_t,,mode_manager->transition_table_for_tlm[64].from,NONE,,,,,,,,,,
,MODE_TRANSITION_TABLE_TO_64,uint8_t,,mode_manager->transition_table_for_tlm[64].to,NONE,,,,,,,,,,
,MODE_TRANSITION_TABLE_ID_64,uint16_t,,(uint16_t)(mode_manager->transition_table_for_tlm[64].bc_index),NONE,,,,,,,,,,
,MODE_TRANSITION_TABLE_FROM_65,uint8_t,,mode_manager->transition_table_for_tlm[65].from,NONE,,,,,,,,,,
,MODE_TRANSITION_TABLE_TO_65,uint8_t,,mode_manager->transition_table_for_tlm[65].to,NONE,,,,,,,,,,
,MODE_TRANSITION_TABLE_ID_65,uint16_t,,(uint16_t)(mode_manager->transition_table_for_tlm[65].bc_index),NONE,,,,,,,,,,
,MODE_TRANSITION_TABLE_FROM_66,uint8_t,,mode_manager->transition_table_for_tlm[66].from,NONE,,,,,,,,,,
,MODE_TRANSITION_TABLE_TO_66,uint8_t,,mode_manager->transition_table_for_tlm[66].to,NONE,,,,,,,,,,
,MODE_TRANSITION_TABLE_ID_66,uint16_t,,(uint16_t)(mode_manager->transition_table_for_tlm[66].bc_index),NONE,,,,,,,,,,
,MODE_TRANSITION_TABLE_FROM_67,uint8_t,,mode_manager->transition_table_for_tlm[67].from,NONE,,,,,,,,,,
,MODE_TRANSITION_TABLE_TO_67,uint8_t,,mode_manager->transition_table_for_tlm[67].to,NONE,,,,,,,,,,
,MODE_TRANSITION_TABLE_ID_67,uint16_t,,(uint16_t)(mode_manager->transition_table_for_tlm[67].bc_index),NONE,,,,,,,,,,
,MODE_TRANSITION_TABLE_FROM_68,uint8_t,,mode_manager->transition_table_for_tlm[68].from,NONE,,,,,,,,,,
,MODE_TRANSITION_TABLE_TO_68,uint8_t,,mode_manager->transition_table_for_tlm[68].to,NONE,,,,,,,,,,
,MODE_TRANSITION_TABLE_ID_68,uint16_t,,(uint16_t)(mode_manager->transition_table_for_tlm[68].bc_index),NONE,,,,,,,,,,
,MODE_TRANSITION_TABLE_FROM_69,uint8_t,,mode_manager->transition_table_for_tlm[69].from,NONE,,,,,,,,,,
,MODE_TRANSITION_TABLE_TO_69,uint8_t,,mode_manager->transition_table_for_tlm[69].to,NONE,,,,,,,,,,
,MODE_TRANSITION_TABLE_ID_69,uint16_t,,(uint16_t)(mode_manager->transition_table_for_tlm[69].bc_index),NONE,,,,,,,,,,
,MODE_TRANSITION_TABLE_FROM_70,uint8_t,,mode_manager->transition_table_for_tlm[70].from,NONE,,,,,,,,,,
,MODE_TRANSITION_TABLE_TO_70,uint8_t,,mode_manager->transition_table_for_tlm[70].to,NONE,,,,,,,,,,
,MODE_TRANSITION_TABLE_ID_70,uint16_t,,(uint16_t)(mode_manager->transition_table_for_tlm[70].bc_index),NONE,,,,,,,,,,
,MODE_TRANSITION_TABLE_FROM_71,uint8_t,,mode_manager->transition_table_for_tlm[71].from,NONE,,,,,,,,,,
,MODE_TRANSITION_TABLE_TO_71,uint8_t,,mode_manager->transition_table_for_tlm[71].to,NONE,,,,,,,,,,
,MODE_TRANSITION_TABLE_ID_71,uint16_t,,(uint16_t)(mode_manager->transition_table_for_tlm[71].bc_index),NONE,,,,,,,,,,
,MODE_TRANSITION_TABLE_FROM_72,uint8_t,,mode_manager->transition_table_for_tlm[72].from,NONE,,,,,,,,,,
,MODE_TRANSITION_TABLE_TO_72,uint8_t,,mode_manager->transition_table_for_tlm[72].to,NONE,,,,,,,,,,
,MODE_TRANSITION_TABLE_ID_72,uint16_t,,(uint16_t)(mode_manager->transition_table_for_tlm[72].bc_index),NONE,,,,,,,,,,
,MODE_TRANSITION_TABLE_FROM_73,uint8_t,,mode_manager->transition_table_for_tlm[73].from,NONE,,,,,,,,,,
,MODE_TRANSITION_TABLE_TO_73,uint8_t,,mode_manager->transition_table_for_tlm[73].to,NONE,,,,,,,,,,
,MODE_TRANSITION_TABLE_ID_73,uint16_t,,(uint16_t)(mode_manager->transition_table_for_tlm[73].bc_index),NONE,,,,,,,,,,
,MODE_TRANSITION_TABLE_FROM_74,uint8_t,,mode_manager->transition_table_for_tlm[74].from,NONE,,,,,,,,,,
,MODE_TRANSITION_TABLE_TO_74,uint8_t,,mode_manager->transition_table_for_tlm[74].to,NONE,,,,,,,,,,
,MODE_TRANSITION_TABLE_ID_74,uint16_t,,(uint16_t)(mode_manager->transition_table_for_tlm[74].bc_index),NONE,,,,,,,,,,
,MODE_TRANSITION_TABLE_FROM_75,uint8_t,,mode_manager->transition_table_for_tlm[75].from,NONE,,,,,,,,,,
,MODE_TRANSITION_TABLE_TO_75,uint8_t,,mode_manager->transition_table_for_tlm[75].to,NONE,,,,,,,,,,
,MODE_TRANSITION_TABLE_ID_75,uint16_t,,(uint16_t)(mode_manager->transition_table_for_tlm[75].bc_index),NONE,,,,,,,,,,
,MODE_TRANSITION_TABLE_FROM_76,uint8_t,,mode_manager->transition_table_for_tlm[76].from,NONE,,,,,,,,,,
,MODE_TRANSITION_TABLE_TO_76,uint8_t,,mode_manager->transition_table_for_tlm[76].to,NONE,,,,,,,,,,
,MODE_TRANSITION_TABLE_ID_76,uint16_t,,(uint16_t)(mode_manager->transition_table_for_tlm[76].bc_index),NONE,,,,,,,,,,
,MODE_TRANSITION_TABLE_FROM_77,uint8_t,,mode_manager->transition_table_for_tlm[77].from,NONE,,,,,,,,,,
,MODE_TRANSITION_TABLE_TO_77,uint8_t,,mode_manager->transition_table_for_tlm[77].to,NONE,,,,,,,,,,
,MODE_TRANSITION_TABLE_ID_77,uint16_t,,(uint16_t)(mode_manager->transition_table_for_tlm[77].bc_index),NONE,,,,,,,,,,
,MODE_TRANSITION_TABLE_FROM_78,uint8_t,,mode_manager->transition_table_for_tlm[78].from,NONE,,,,,,,,,,
,MODE_TRANSITION_TABLE_TO_78,uint8_t,,mode_manager->transition_table_for_tlm[78].to,NONE,,,,,,,,,,
,MODE_TRANSITION_TABLE_ID_78,uint16_t,,(uint16_t)(mode_manager->transition_table_for_tlm[78].bc_index),NONE,,,,,,,,,,
,MODE_TRANSITION_TABLE_FROM_79,uint8_t,,mode_manager->transition_table_for_tlm[79].from,NONE,,,,,,,,,,
,MODE_TRANSITION_TABLE_TO_79,uint8_t,,mode_manager->transition_table_for_tlm[79].to,NONE,,,,,,,,,,
,MODE_TRANSITION_TABLE_ID_79,uint16_t,,(uint16_t)(mode_manager->transition_table_for_tlm[79].bc_index),NONE,,,,,,,,,,
,MODE_TRANSITION_TABLE_FROM_80,uint8_t,,mode_manager->transition_table_for_tlm[80].from,NONE,,,,,,,,,,
,MODE_TRANSITION_TABLE_TO_80,uint8_t,,mode_manager->transition_table_for_tlm[80].to,NONE,,,,,,,,,,
,MODE_TRANSITION_TABLE_ID_80,uint16_t,,(uint16_t)(mode_manager->transition_table_for_tlm[80].bc_index),NONE,,,,,,,,,,
,MODE_TRANSITION_TABLE_FROM_81,uint8_t,,mode_manager->transition_table_for_tlm[81].from,NONE,,,,,,,,,,
,MODE_TRANSITION_TABLE_TO_81,uint8_t,,mode_manager->transition_table_for_tlm[81].to,NONE,,,,,,,,,,
,MODE_TRANSITION_TABLE_ID_81,uint16_t,,(uint16_t)(mode_manager->transition_table_for_tlm[81].bc_index),NONE,,,,,,,,,,
,MODE_TRANSITION_TABLE_FROM_82,uint8_t,,mode_manager->transition_table_for_tlm[82].from,NONE,,,,,,,,,,
,MODE_TRANSITION_TABLE_TO_82,uint8_t,,mode_manager->transition_table_for_tlm[82].to,NONE,,,,,,,,,,
,MODE_TRANSITION_TABLE_ID_82,uint16_t,,(uint16_t)(mode_manager->transition_table_for_tlm[82].bc_index),NONE,,,,,,,,,,
,MODE_TRANSITION_TABLE_FROM_83,uint8_t,,mode_manager->transition_table_for_tlm[83].from,NONE,,,,,,,,,,
,MODE_TRANSITION_TABLE_TO_83,uint8_t,,mode_manager->transition_table_for_tlm[83].to,NONE,,,,,,,,,,
,MODE_TRANSITION_TABLE_ID_83,uint16_t,,(uint16_t)(mode_manager->transition_table_for_tlm[83].bc_index),NONE,,,,,,,,,,
,MODE_TRANSITION_TABLE_FROM_84,uint8_t,,mode_manager->transition_table_for_tlm[84].from,NONE,,,,,,,,,,
,MODE_TRANSITION_TABLE_TO_84,uint8_t,,mode_manager->transition_table_for_tlm[84].to,NONE,,,,,,,,,,
,MODE_TRANSITION_TABLE_ID_84,uint16_t,,(uint16_t)(mode_manager->transition_table_for_tlm[84].bc_index),NONE,,,,,,,,,,
,MODE_TRANSITION_TABLE_FROM_85,uint8_t,,mode_manager->transition_table_for_tlm[85].from,NONE,,,,,,,,,,
,MODE_TRANSITION_TABLE_TO_85,uint8_t,,mode_manager->transition_table_for_tlm[85].to,NONE,,,,,,,,,,
,MODE_TRANSITION_TABLE_ID_85,uint16_t,,(uint16_t)(mode_manager->transition_table_for_tlm[85].bc_index),NONE,,,,,,,,,,
,MODE_TRANSITION_TABLE_FROM_86,uint8_t,,mode_manager->transition_table_for_tlm[86].from,NONE,,,,,,,,,,
,MODE_TRANSITION_TABLE_TO_86,uint8_t,,mode_manager->transition_table_for_tlm[86].to,NONE,,,,,,,,,,
,MODE_TRANSITION_TABLE_ID_86,uint16_t,,(uint16_t)(mode_manager->transition_table_for_tlm[86].bc_index),NONE,,,,,,,,,,
,MODE_TRANSITION_TABLE_FROM_87,uint8_t,,mode_manager->transition_table_for_tlm[87].from,NONE,,,,,,,,,,
,MODE_TRANSITION_TABLE_TO_87,uint8_t,,mode_manager->transition_table_for_tlm[87].to,NONE,,,,,,,,,,
,MODE_TRANSITION_TABLE_ID_87,uint16_t,,(uint16_t)(mode_manager->transition_table_for_tlm[87].bc_index),NONE,,,,,,,,,,
,MODE_TRANSITION_TABLE_FROM_88,uint8_t,,mode_manager->transition_table_for_tlm[88].from,NONE,,,,,,,,,,
,MODE_TRANSITION_TABLE_TO_88,uint8_t,,mode_manager->transition_table_for_tlm[88].to,NONE,,,,,,,,,,
,MODE_TRANSITION_TABLE_ID_88,uint16_t,,(uint16_t)(mode_manager->transition_table_for_tlm[88].bc_index),NONE,,,,,,,,,,
,MODE_TRANSITION_TABLE_FROM_89,uint8_t,,mode_manager->transition_table_for_tlm[89].from,NONE,,,,,,,,,,
,MODE_TRANSITION_TABLE_TO_89,uint8_t,,mode_manager->transition_table_for_tlm[89].to,NONE,,,,,,,,,,
,MODE_TRANSITION_TABLE_ID_89,uint16_t,,(uint16_t)(mode_manager->transition_table_for_tlm[89].bc_index),NONE,,,,,,,,,,
