FALSE,16,OBC,"uint8_t page = telemetry_frame->tlm_page_no;
int offset = TF_TLM_PAGE_SIZE * (telemetry_frame->tlm_page_no);",,,,,,,,,,,,
subsystem,name,type,bit,var,conv,a0,a1,a2,a3,a4,a5,status,description,note,priority
,PH.VER,_uint16_t,3,,NONE,,,,,,,,,,
,PH.TYPE,,1,,NONE,,,,,,,,,,
,PH.SH_FLAG,,1,,NONE,,,,,,,,,,
,PH.APID,,11,,NONE,,,,,,,,,,
,PH.SEQ_FLAG,_uint16_t,2,,NONE,,,,,,,,,,
,PH.SEQ_COUNT,,14,,NONE,,,,,,,,,,
,PH.PACKET_LEN,uint16_t,,,NONE,,,,,,,,,,
,SH.VER,uint8_t,,,NONE,,,,,,,,,,
,SH.TI,uint32_t,,,NONE,,,,,,,,,,
,SH.TLM_ID,uint8_t,,,HEX,,,,,,,,,,
,SH.GLOBAL_TIME,double,,,NONE,,,,,,,,,,
,SH.ON_BOARD_SUBNET_TIME,uint32_t,,,NONE,,,,,,,,,,
,SH.DEST_FLAGS,uint8_t,,,HEX,,,,,,,,,,
,SH.DEST_INFO,uint8_t,,,NONE,,,,,,,,,,
,PAGE_NO,uint8_t,,page,NONE,,,,,,,,,,
,TLM0,uint32_t,,(uint32_t)(telemetry_frame->tlm_table[offset+0].tlm_func),HEX,,,,,,,,,,
,TLM1,uint32_t,,(uint32_t)(telemetry_frame->tlm_table[offset+1].tlm_func),HEX,,,,,,,,,,
,TLM2,uint32_t,,(uint32_t)(telemetry_frame->tlm_table[offset+2].tlm_func),HEX,,,,,,,,,,
,TLM3,uint32_t,,(uint32_t)(telemetry_frame->tlm_table[offset+3].tlm_func),HEX,,,,,,,,,,
,TLM4,uint32_t,,(uint32_t)(telemetry_frame->tlm_table[offset+4].tlm_func),HEX,,,,,,,,,,
,TLM5,uint32_t,,(uint32_t)(telemetry_frame->tlm_table[offset+5].tlm_func),HEX,,,,,,,,,,
,TLM6,uint32_t,,(uint32_t)(telemetry_frame->tlm_table[offset+6].tlm_func),HEX,,,,,,,,,,
,TLM7,uint32_t,,(uint32_t)(telemetry_frame->tlm_table[offset+7].tlm_func),HEX,,,,,,,,,,
,TLM8,uint32_t,,(uint32_t)(telemetry_frame->tlm_table[offset+8].tlm_func),HEX,,,,,,,,,,
,TLM9,uint32_t,,(uint32_t)(telemetry_frame->tlm_table[offset+9].tlm_func),HEX,,,,,,,,,,
,TLM10,uint32_t,,(uint32_t)(telemetry_frame->tlm_table[offset+10].tlm_func),HEX,,,,,,,,,,
,TLM11,uint32_t,,(uint32_t)(telemetry_frame->tlm_table[offset+11].tlm_func),HEX,,,,,,,,,,
,TLM12,uint32_t,,(uint32_t)(telemetry_frame->tlm_table[offset+12].tlm_func),HEX,,,,,,,,,,
,TLM13,uint32_t,,(uint32_t)(telemetry_frame->tlm_table[offset+13].tlm_func),HEX,,,,,,,,,,
,TLM14,uint32_t,,(uint32_t)(telemetry_frame->tlm_table[offset+14].tlm_func),HEX,,,,,,,,,,
,TLM15,uint32_t,,(uint32_t)(telemetry_frame->tlm_table[offset+15].tlm_func),HEX,,,,,,,,,,
,TLM16,uint32_t,,(uint32_t)(telemetry_frame->tlm_table[offset+16].tlm_func),HEX,,,,,,,,,,
,TLM17,uint32_t,,(uint32_t)(telemetry_frame->tlm_table[offset+17].tlm_func),HEX,,,,,,,,,,
,TLM18,uint32_t,,(uint32_t)(telemetry_frame->tlm_table[offset+18].tlm_func),HEX,,,,,,,,,,
,TLM19,uint32_t,,(uint32_t)(telemetry_frame->tlm_table[offset+19].tlm_func),HEX,,,,,,,,,,
,TLM20,uint32_t,,(uint32_t)(telemetry_frame->tlm_table[offset+20].tlm_func),HEX,,,,,,,,,,
,TLM21,uint32_t,,(uint32_t)(telemetry_frame->tlm_table[offset+21].tlm_func),HEX,,,,,,,,,,
,TLM22,uint32_t,,(uint32_t)(telemetry_frame->tlm_table[offset+22].tlm_func),HEX,,,,,,,,,,
,TLM23,uint32_t,,(uint32_t)(telemetry_frame->tlm_table[offset+23].tlm_func),HEX,,,,,,,,,,
,TLM24,uint32_t,,(uint32_t)(telemetry_frame->tlm_table[offset+24].tlm_func),HEX,,,,,,,,,,
,TLM25,uint32_t,,(uint32_t)(telemetry_frame->tlm_table[offset+25].tlm_func),HEX,,,,,,,,,,
,TLM26,uint32_t,,(uint32_t)(telemetry_frame->tlm_table[offset+26].tlm_func),HEX,,,,,,,,,,
,TLM27,uint32_t,,(uint32_t)(telemetry_frame->tlm_table[offset+27].tlm_func),HEX,,,,,,,,,,
,TLM28,uint32_t,,(uint32_t)(telemetry_frame->tlm_table[offset+28].tlm_func),HEX,,,,,,,,,,
,TLM29,uint32_t,,(uint32_t)(telemetry_frame->tlm_table[offset+29].tlm_func),HEX,,,,,,,,,,
,TLM30,uint32_t,,(uint32_t)(telemetry_frame->tlm_table[offset+30].tlm_func),HEX,,,,,,,,,,
,TLM31,uint32_t,,(uint32_t)(telemetry_frame->tlm_table[offset+31].tlm_func),HEX,,,,,,,,,,
,TLM32,uint32_t,,(uint32_t)(telemetry_frame->tlm_table[offset+32].tlm_func),HEX,,,,,,,,,,
,TLM33,uint32_t,,(uint32_t)(telemetry_frame->tlm_table[offset+33].tlm_func),HEX,,,,,,,,,,
,TLM34,uint32_t,,(uint32_t)(telemetry_frame->tlm_table[offset+34].tlm_func),HEX,,,,,,,,,,
,TLM35,uint32_t,,(uint32_t)(telemetry_frame->tlm_table[offset+35].tlm_func),HEX,,,,,,,,,,
,TLM36,uint32_t,,(uint32_t)(telemetry_frame->tlm_table[offset+36].tlm_func),HEX,,,,,,,,,,
,TLM37,uint32_t,,(uint32_t)(telemetry_frame->tlm_table[offset+37].tlm_func),HEX,,,,,,,,,,
,TLM38,uint32_t,,(uint32_t)(telemetry_frame->tlm_table[offset+38].tlm_func),HEX,,,,,,,,,,
,TLM39,uint32_t,,(uint32_t)(telemetry_frame->tlm_table[offset+39].tlm_func),HEX,,,,,,,,,,
,TLM40,uint32_t,,(uint32_t)(telemetry_frame->tlm_table[offset+40].tlm_func),HEX,,,,,,,,,,
,TLM41,uint32_t,,(uint32_t)(telemetry_frame->tlm_table[offset+41].tlm_func),HEX,,,,,,,,,,
,TLM42,uint32_t,,(uint32_t)(telemetry_frame->tlm_table[offset+42].tlm_func),HEX,,,,,,,,,,
,TLM43,uint32_t,,(uint32_t)(telemetry_frame->tlm_table[offset+43].tlm_func),HEX,,,,,,,,,,
,TLM44,uint32_t,,(uint32_t)(telemetry_frame->tlm_table[offset+44].tlm_func),HEX,,,,,,,,,,
,TLM45,uint32_t,,(uint32_t)(telemetry_frame->tlm_table[offset+45].tlm_func),HEX,,,,,,,,,,
,TLM46,uint32_t,,(uint32_t)(telemetry_frame->tlm_table[offset+46].tlm_func),HEX,,,,,,,,,,
,TLM47,uint32_t,,(uint32_t)(telemetry_frame->tlm_table[offset+47].tlm_func),HEX,,,,,,,,,,
,TLM48,uint32_t,,(uint32_t)(telemetry_frame->tlm_table[offset+48].tlm_func),HEX,,,,,,,,,,
,TLM49,uint32_t,,(uint32_t)(telemetry_frame->tlm_table[offset+49].tlm_func),HEX,,,,,,,,,,
,TLM50,uint32_t,,(uint32_t)(telemetry_frame->tlm_table[offset+50].tlm_func),HEX,,,,,,,,,,
,TLM51,uint32_t,,(uint32_t)(telemetry_frame->tlm_table[offset+51].tlm_func),HEX,,,,,,,,,,
,TLM52,uint32_t,,(uint32_t)(telemetry_frame->tlm_table[offset+52].tlm_func),HEX,,,,,,,,,,
,TLM53,uint32_t,,(uint32_t)(telemetry_frame->tlm_table[offset+53].tlm_func),HEX,,,,,,,,,,
,TLM54,uint32_t,,(uint32_t)(telemetry_frame->tlm_table[offset+54].tlm_func),HEX,,,,,,,,,,
,TLM55,uint32_t,,(uint32_t)(telemetry_frame->tlm_table[offset+55].tlm_func),HEX,,,,,,,,,,
,TLM56,uint32_t,,(uint32_t)(telemetry_frame->tlm_table[offset+56].tlm_func),HEX,,,,,,,,,,
,TLM57,uint32_t,,(uint32_t)(telemetry_frame->tlm_table[offset+57].tlm_func),HEX,,,,,,,,,,
,TLM58,uint32_t,,(uint32_t)(telemetry_frame->tlm_table[offset+58].tlm_func),HEX,,,,,,,,,,
,TLM59,uint32_t,,(uint32_t)(telemetry_frame->tlm_table[offset+59].tlm_func),HEX,,,,,,,,,,
,TLM60,uint32_t,,(uint32_t)(telemetry_frame->tlm_table[offset+60].tlm_func),HEX,,,,,,,,,,
,TLM61,uint32_t,,(uint32_t)(telemetry_frame->tlm_table[offset+61].tlm_func),HEX,,,,,,,,,,
,TLM62,uint32_t,,(uint32_t)(telemetry_frame->tlm_table[offset+62].tlm_func),HEX,,,,,,,,,,
,TLM63,uint32_t,,(uint32_t)(telemetry_frame->tlm_table[offset+63].tlm_func),HEX,,,,,,,,,,
