FALSE,17,OBC,"int offset = TL_TLM_PAGE_SIZE * (timeline_command_dispatcher->tlm_info_.page_no);
",,,,,,,,,,,,
subsystem,name,type,bit,var,conv,a0,a1,a2,a3,a4,a5,status,description,note,priority
,PH.VER,_uint16_t,3,,NONE,,,,,,,,,,
,PH.TYPE,,1,,NONE,,,,,,,,,,
,PH.SH_FLAG,,1,,NONE,,,,,,,,,,
,PH.APID,,11,,NONE,,,,,,,,,,
,PH.SEQ_FLAG,_uint16_t,2,,NONE,,,,,,,,,,
,PH.SEQ_COUNT,,14,,NONE,,,,,,,,,,
,PH.PACKET_LEN,uint16_t,,,NONE,,,,,,,,,,
,SH.VER,uint8_t,,,NONE,,,,,,,,,,
,SH.TI,uint32_t,,,NONE,,,,,,,,,,
,SH.TLM_ID,uint8_t,,,HEX,,,,,,,,,,
,SH.GLOBAL_TIME,double,,,NONE,,,,,,,,,,
,SH.ON_BOARD_SUBNET_TIME,uint32_t,,,NONE,,,,,,,,,,
,SH.DEST_FLAGS,uint8_t,,,HEX,,,,,,,,,,
,SH.DEST_INFO,uint8_t,,,NONE,,,,,,,,,,
,LINE_NO,uint8_t,,TLCD_update_tl_list_for_tlm(timeline_command_dispatcher->tlm_info_.id),NONE,,,,,,,,テレメトリを生成したライン番号,現在の仕様だと，tlm 生成した瞬間にTLCD_update_tl_list_for_tlm が実行され， tl_list が更新される,
,PAGE_NO,uint8_t,,timeline_command_dispatcher->tlm_info_.page_no,NONE,,,,,,,,,,
,QUEUED,uint16_t,,PL_count_active_nodes(&PH_tl_cmd_list[timeline_command_dispatcher->tlm_info_.id]),NONE,,,,,,,,TL に登録された cmd 数,,
,UPDATED_AT,uint32_t,,timeline_command_dispatcher->tlm_info_.updated_at,NONE,,,,,,,,,,
,CMD0_ID,uint16_t,,(uint16_t)CCP_get_id(timeline_command_dispatcher->tlm_info_.tl_list[offset+0]),HEX,,,,,,,,,,
,CMD0_TI,uint32_t,,(uint32_t)CCP_get_ti(timeline_command_dispatcher->tlm_info_.tl_list[offset+0]),NONE,,,,,,,,,,
,CMD0_PARAM0,uint8_t,,CCP_get_param_head(timeline_command_dispatcher->tlm_info_.tl_list[offset+0])[0],HEX,,,,,,,,,,
,CMD0_PARAM1,uint8_t,,CCP_get_param_head(timeline_command_dispatcher->tlm_info_.tl_list[offset+0])[1],HEX,,,,,,,,,,
,CMD0_PARAM2,uint8_t,,CCP_get_param_head(timeline_command_dispatcher->tlm_info_.tl_list[offset+0])[2],HEX,,,,,,,,,,
,CMD0_PARAM3,uint8_t,,CCP_get_param_head(timeline_command_dispatcher->tlm_info_.tl_list[offset+0])[3],HEX,,,,,,,,,,
,CMD0_PARAM4,uint8_t,,CCP_get_param_head(timeline_command_dispatcher->tlm_info_.tl_list[offset+0])[4],HEX,,,,,,,,,,
,CMD0_PARAM5,uint8_t,,CCP_get_param_head(timeline_command_dispatcher->tlm_info_.tl_list[offset+0])[5],HEX,,,,,,,,,,
,CMD1_ID,uint16_t,,(uint16_t)CCP_get_id(timeline_command_dispatcher->tlm_info_.tl_list[offset+1]),HEX,,,,,,,,,,
,CMD1_TI,uint32_t,,(uint32_t)CCP_get_ti(timeline_command_dispatcher->tlm_info_.tl_list[offset+1]),NONE,,,,,,,,,,
,CMD1_PARAM0,uint8_t,,CCP_get_param_head(timeline_command_dispatcher->tlm_info_.tl_list[offset+1])[0],HEX,,,,,,,,,,
,CMD1_PARAM1,uint8_t,,CCP_get_param_head(timeline_command_dispatcher->tlm_info_.tl_list[offset+1])[1],HEX,,,,,,,,,,
,CMD1_PARAM2,uint8_t,,CCP_get_param_head(timeline_command_dispatcher->tlm_info_.tl_list[offset+1])[2],HEX,,,,,,,,,,
,CMD1_PARAM3,uint8_t,,CCP_get_param_head(timeline_command_dispatcher->tlm_info_.tl_list[offset+1])[3],HEX,,,,,,,,,,
,CMD1_PARAM4,uint8_t,,CCP_get_param_head(timeline_command_dispatcher->tlm_info_.tl_list[offset+1])[4],HEX,,,,,,,,,,
,CMD1_PARAM5,uint8_t,,CCP_get_param_head(timeline_command_dispatcher->tlm_info_.tl_list[offset+1])[5],HEX,,,,,,,,,,
,CMD2_ID,uint16_t,,(uint16_t)CCP_get_id(timeline_command_dispatcher->tlm_info_.tl_list[offset+2]),HEX,,,,,,,,,,
,CMD2_TI,uint32_t,,(uint32_t)CCP_get_ti(timeline_command_dispatcher->tlm_info_.tl_list[offset+2]),NONE,,,,,,,,,,
,CMD2_PARAM0,uint8_t,,CCP_get_param_head(timeline_command_dispatcher->tlm_info_.tl_list[offset+2])[0],HEX,,,,,,,,,,
,CMD2_PARAM1,uint8_t,,CCP_get_param_head(timeline_command_dispatcher->tlm_info_.tl_list[offset+2])[1],HEX,,,,,,,,,,
,CMD2_PARAM2,uint8_t,,CCP_get_param_head(timeline_command_dispatcher->tlm_info_.tl_list[offset+2])[2],HEX,,,,,,,,,,
,CMD2_PARAM3,uint8_t,,CCP_get_param_head(timeline_command_dispatcher->tlm_info_.tl_list[offset+2])[3],HEX,,,,,,,,,,
,CMD2_PARAM4,uint8_t,,CCP_get_param_head(timeline_command_dispatcher->tlm_info_.tl_list[offset+2])[4],HEX,,,,,,,,,,
,CMD2_PARAM5,uint8_t,,CCP_get_param_head(timeline_command_dispatcher->tlm_info_.tl_list[offset+2])[5],HEX,,,,,,,,,,
,CMD3_ID,uint16_t,,(uint16_t)CCP_get_id(timeline_command_dispatcher->tlm_info_.tl_list[offset+3]),HEX,,,,,,,,,,
,CMD3_TI,uint32_t,,(uint32_t)CCP_get_ti(timeline_command_dispatcher->tlm_info_.tl_list[offset+3]),NONE,,,,,,,,,,
,CMD3_PARAM0,uint8_t,,CCP_get_param_head(timeline_command_dispatcher->tlm_info_.tl_list[offset+3])[0],HEX,,,,,,,,,,
,CMD3_PARAM1,uint8_t,,CCP_get_param_head(timeline_command_dispatcher->tlm_info_.tl_list[offset+3])[1],HEX,,,,,,,,,,
,CMD3_PARAM2,uint8_t,,CCP_get_param_head(timeline_command_dispatcher->tlm_info_.tl_list[offset+3])[2],HEX,,,,,,,,,,
,CMD3_PARAM3,uint8_t,,CCP_get_param_head(timeline_command_dispatcher->tlm_info_.tl_list[offset+3])[3],HEX,,,,,,,,,,
,CMD3_PARAM4,uint8_t,,CCP_get_param_head(timeline_command_dispatcher->tlm_info_.tl_list[offset+3])[4],HEX,,,,,,,,,,
,CMD3_PARAM5,uint8_t,,CCP_get_param_head(timeline_command_dispatcher->tlm_info_.tl_list[offset+3])[5],HEX,,,,,,,,,,
,CMD4_ID,uint16_t,,(uint16_t)CCP_get_id(timeline_command_dispatcher->tlm_info_.tl_list[offset+4]),HEX,,,,,,,,,,
,CMD4_TI,uint32_t,,(uint32_t)CCP_get_ti(timeline_command_dispatcher->tlm_info_.tl_list[offset+4]),NONE,,,,,,,,,,
,CMD4_PARAM0,uint8_t,,CCP_get_param_head(timeline_command_dispatcher->tlm_info_.tl_list[offset+4])[0],HEX,,,,,,,,,,
,CMD4_PARAM1,uint8_t,,CCP_get_param_head(timeline_command_dispatcher->tlm_info_.tl_list[offset+4])[1],HEX,,,,,,,,,,
,CMD4_PARAM2,uint8_t,,CCP_get_param_head(timeline_command_dispatcher->tlm_info_.tl_list[offset+4])[2],HEX,,,,,,,,,,
,CMD4_PARAM3,uint8_t,,CCP_get_param_head(timeline_command_dispatcher->tlm_info_.tl_list[offset+4])[3],HEX,,,,,,,,,,
,CMD4_PARAM4,uint8_t,,CCP_get_param_head(timeline_command_dispatcher->tlm_info_.tl_list[offset+4])[4],HEX,,,,,,,,,,
,CMD4_PARAM5,uint8_t,,CCP_get_param_head(timeline_command_dispatcher->tlm_info_.tl_list[offset+4])[5],HEX,,,,,,,,,,
,CMD5_ID,uint16_t,,(uint16_t)CCP_get_id(timeline_command_dispatcher->tlm_info_.tl_list[offset+5]),HEX,,,,,,,,,,
,CMD5_TI,uint32_t,,(uint32_t)CCP_get_ti(timeline_command_dispatcher->tlm_info_.tl_list[offset+5]),NONE,,,,,,,,,,
,CMD5_PARAM0,uint8_t,,CCP_get_param_head(timeline_command_dispatcher->tlm_info_.tl_list[offset+5])[0],HEX,,,,,,,,,,
,CMD5_PARAM1,uint8_t,,CCP_get_param_head(timeline_command_dispatcher->tlm_info_.tl_list[offset+5])[1],HEX,,,,,,,,,,
,CMD5_PARAM2,uint8_t,,CCP_get_param_head(timeline_command_dispatcher->tlm_info_.tl_list[offset+5])[2],HEX,,,,,,,,,,
,CMD5_PARAM3,uint8_t,,CCP_get_param_head(timeline_command_dispatcher->tlm_info_.tl_list[offset+5])[3],HEX,,,,,,,,,,
,CMD5_PARAM4,uint8_t,,CCP_get_param_head(timeline_command_dispatcher->tlm_info_.tl_list[offset+5])[4],HEX,,,,,,,,,,
,CMD5_PARAM5,uint8_t,,CCP_get_param_head(timeline_command_dispatcher->tlm_info_.tl_list[offset+5])[5],HEX,,,,,,,,,,
,CMD6_ID,uint16_t,,(uint16_t)CCP_get_id(timeline_command_dispatcher->tlm_info_.tl_list[offset+6]),HEX,,,,,,,,,,
,CMD6_TI,uint32_t,,(uint32_t)CCP_get_ti(timeline_command_dispatcher->tlm_info_.tl_list[offset+6]),NONE,,,,,,,,,,
,CMD6_PARAM0,uint8_t,,CCP_get_param_head(timeline_command_dispatcher->tlm_info_.tl_list[offset+6])[0],HEX,,,,,,,,,,
,CMD6_PARAM1,uint8_t,,CCP_get_param_head(timeline_command_dispatcher->tlm_info_.tl_list[offset+6])[1],HEX,,,,,,,,,,
,CMD6_PARAM2,uint8_t,,CCP_get_param_head(timeline_command_dispatcher->tlm_info_.tl_list[offset+6])[2],HEX,,,,,,,,,,
,CMD6_PARAM3,uint8_t,,CCP_get_param_head(timeline_command_dispatcher->tlm_info_.tl_list[offset+6])[3],HEX,,,,,,,,,,
,CMD6_PARAM4,uint8_t,,CCP_get_param_head(timeline_command_dispatcher->tlm_info_.tl_list[offset+6])[4],HEX,,,,,,,,,,
,CMD6_PARAM5,uint8_t,,CCP_get_param_head(timeline_command_dispatcher->tlm_info_.tl_list[offset+6])[5],HEX,,,,,,,,,,
,CMD7_ID,uint16_t,,(uint16_t)CCP_get_id(timeline_command_dispatcher->tlm_info_.tl_list[offset+7]),HEX,,,,,,,,,,
,CMD7_TI,uint32_t,,(uint32_t)CCP_get_ti(timeline_command_dispatcher->tlm_info_.tl_list[offset+7]),NONE,,,,,,,,,,
,CMD7_PARAM0,uint8_t,,CCP_get_param_head(timeline_command_dispatcher->tlm_info_.tl_list[offset+7])[0],HEX,,,,,,,,,,
,CMD7_PARAM1,uint8_t,,CCP_get_param_head(timeline_command_dispatcher->tlm_info_.tl_list[offset+7])[1],HEX,,,,,,,,,,
,CMD7_PARAM2,uint8_t,,CCP_get_param_head(timeline_command_dispatcher->tlm_info_.tl_list[offset+7])[2],HEX,,,,,,,,,,
,CMD7_PARAM3,uint8_t,,CCP_get_param_head(timeline_command_dispatcher->tlm_info_.tl_list[offset+7])[3],HEX,,,,,,,,,,
,CMD7_PARAM4,uint8_t,,CCP_get_param_head(timeline_command_dispatcher->tlm_info_.tl_list[offset+7])[4],HEX,,,,,,,,,,
,CMD7_PARAM5,uint8_t,,CCP_get_param_head(timeline_command_dispatcher->tlm_info_.tl_list[offset+7])[5],HEX,,,,,,,,,,
,CMD8_ID,uint16_t,,(uint16_t)CCP_get_id(timeline_command_dispatcher->tlm_info_.tl_list[offset+8]),HEX,,,,,,,,,,
,CMD8_TI,uint32_t,,(uint32_t)CCP_get_ti(timeline_command_dispatcher->tlm_info_.tl_list[offset+8]),NONE,,,,,,,,,,
,CMD8_PARAM0,uint8_t,,CCP_get_param_head(timeline_command_dispatcher->tlm_info_.tl_list[offset+8])[0],HEX,,,,,,,,,,
,CMD8_PARAM1,uint8_t,,CCP_get_param_head(timeline_command_dispatcher->tlm_info_.tl_list[offset+8])[1],HEX,,,,,,,,,,
,CMD8_PARAM2,uint8_t,,CCP_get_param_head(timeline_command_dispatcher->tlm_info_.tl_list[offset+8])[2],HEX,,,,,,,,,,
,CMD8_PARAM3,uint8_t,,CCP_get_param_head(timeline_command_dispatcher->tlm_info_.tl_list[offset+8])[3],HEX,,,,,,,,,,
,CMD8_PARAM4,uint8_t,,CCP_get_param_head(timeline_command_dispatcher->tlm_info_.tl_list[offset+8])[4],HEX,,,,,,,,,,
,CMD8_PARAM5,uint8_t,,CCP_get_param_head(timeline_command_dispatcher->tlm_info_.tl_list[offset+8])[5],HEX,,,,,,,,,,
,CMD9_ID,uint16_t,,(uint16_t)CCP_get_id(timeline_command_dispatcher->tlm_info_.tl_list[offset+9]),HEX,,,,,,,,,,
,CMD9_TI,uint32_t,,(uint32_t)CCP_get_ti(timeline_command_dispatcher->tlm_info_.tl_list[offset+9]),NONE,,,,,,,,,,
,CMD9_PARAM0,uint8_t,,CCP_get_param_head(timeline_command_dispatcher->tlm_info_.tl_list[offset+9])[0],HEX,,,,,,,,,,
,CMD9_PARAM1,uint8_t,,CCP_get_param_head(timeline_command_dispatcher->tlm_info_.tl_list[offset+9])[1],HEX,,,,,,,,,,
,CMD9_PARAM2,uint8_t,,CCP_get_param_head(timeline_command_dispatcher->tlm_info_.tl_list[offset+9])[2],HEX,,,,,,,,,,
,CMD9_PARAM3,uint8_t,,CCP_get_param_head(timeline_command_dispatcher->tlm_info_.tl_list[offset+9])[3],HEX,,,,,,,,,,
,CMD9_PARAM4,uint8_t,,CCP_get_param_head(timeline_command_dispatcher->tlm_info_.tl_list[offset+9])[4],HEX,,,,,,,,,,
,CMD9_PARAM5,uint8_t,,CCP_get_param_head(timeline_command_dispatcher->tlm_info_.tl_list[offset+9])[5],HEX,,,,,,,,,,
,CMD10_ID,uint16_t,,(uint16_t)CCP_get_id(timeline_command_dispatcher->tlm_info_.tl_list[offset+10]),HEX,,,,,,,,,,
,CMD10_TI,uint32_t,,(uint32_t)CCP_get_ti(timeline_command_dispatcher->tlm_info_.tl_list[offset+10]),NONE,,,,,,,,,,
,CMD10_PARAM0,uint8_t,,CCP_get_param_head(timeline_command_dispatcher->tlm_info_.tl_list[offset+10])[0],HEX,,,,,,,,,,
,CMD10_PARAM1,uint8_t,,CCP_get_param_head(timeline_command_dispatcher->tlm_info_.tl_list[offset+10])[1],HEX,,,,,,,,,,
,CMD10_PARAM2,uint8_t,,CCP_get_param_head(timeline_command_dispatcher->tlm_info_.tl_list[offset+10])[2],HEX,,,,,,,,,,
,CMD10_PARAM3,uint8_t,,CCP_get_param_head(timeline_command_dispatcher->tlm_info_.tl_list[offset+10])[3],HEX,,,,,,,,,,
,CMD10_PARAM4,uint8_t,,CCP_get_param_head(timeline_command_dispatcher->tlm_info_.tl_list[offset+10])[4],HEX,,,,,,,,,,
,CMD10_PARAM5,uint8_t,,CCP_get_param_head(timeline_command_dispatcher->tlm_info_.tl_list[offset+10])[5],HEX,,,,,,,,,,
,CMD11_ID,uint16_t,,(uint16_t)CCP_get_id(timeline_command_dispatcher->tlm_info_.tl_list[offset+11]),HEX,,,,,,,,,,
,CMD11_TI,uint32_t,,(uint32_t)CCP_get_ti(timeline_command_dispatcher->tlm_info_.tl_list[offset+11]),NONE,,,,,,,,,,
,CMD11_PARAM0,uint8_t,,CCP_get_param_head(timeline_command_dispatcher->tlm_info_.tl_list[offset+11])[0],HEX,,,,,,,,,,
,CMD11_PARAM1,uint8_t,,CCP_get_param_head(timeline_command_dispatcher->tlm_info_.tl_list[offset+11])[1],HEX,,,,,,,,,,
,CMD11_PARAM2,uint8_t,,CCP_get_param_head(timeline_command_dispatcher->tlm_info_.tl_list[offset+11])[2],HEX,,,,,,,,,,
,CMD11_PARAM3,uint8_t,,CCP_get_param_head(timeline_command_dispatcher->tlm_info_.tl_list[offset+11])[3],HEX,,,,,,,,,,
,CMD11_PARAM4,uint8_t,,CCP_get_param_head(timeline_command_dispatcher->tlm_info_.tl_list[offset+11])[4],HEX,,,,,,,,,,
,CMD11_PARAM5,uint8_t,,CCP_get_param_head(timeline_command_dispatcher->tlm_info_.tl_list[offset+11])[5],HEX,,,,,,,,,,
,CMD12_ID,uint16_t,,(uint16_t)CCP_get_id(timeline_command_dispatcher->tlm_info_.tl_list[offset+12]),HEX,,,,,,,,,,
,CMD12_TI,uint32_t,,(uint32_t)CCP_get_ti(timeline_command_dispatcher->tlm_info_.tl_list[offset+12]),NONE,,,,,,,,,,
,CMD12_PARAM0,uint8_t,,CCP_get_param_head(timeline_command_dispatcher->tlm_info_.tl_list[offset+12])[0],HEX,,,,,,,,,,
,CMD12_PARAM1,uint8_t,,CCP_get_param_head(timeline_command_dispatcher->tlm_info_.tl_list[offset+12])[1],HEX,,,,,,,,,,
,CMD12_PARAM2,uint8_t,,CCP_get_param_head(timeline_command_dispatcher->tlm_info_.tl_list[offset+12])[2],HEX,,,,,,,,,,
,CMD12_PARAM3,uint8_t,,CCP_get_param_head(timeline_command_dispatcher->tlm_info_.tl_list[offset+12])[3],HEX,,,,,,,,,,
,CMD12_PARAM4,uint8_t,,CCP_get_param_head(timeline_command_dispatcher->tlm_info_.tl_list[offset+12])[4],HEX,,,,,,,,,,
,CMD12_PARAM5,uint8_t,,CCP_get_param_head(timeline_command_dispatcher->tlm_info_.tl_list[offset+12])[5],HEX,,,,,,,,,,
,CMD13_ID,uint16_t,,(uint16_t)CCP_get_id(timeline_command_dispatcher->tlm_info_.tl_list[offset+13]),HEX,,,,,,,,,,
,CMD13_TI,uint32_t,,(uint32_t)CCP_get_ti(timeline_command_dispatcher->tlm_info_.tl_list[offset+13]),NONE,,,,,,,,,,
,CMD13_PARAM0,uint8_t,,CCP_get_param_head(timeline_command_dispatcher->tlm_info_.tl_list[offset+13])[0],HEX,,,,,,,,,,
,CMD13_PARAM1,uint8_t,,CCP_get_param_head(timeline_command_dispatcher->tlm_info_.tl_list[offset+13])[1],HEX,,,,,,,,,,
,CMD13_PARAM2,uint8_t,,CCP_get_param_head(timeline_command_dispatcher->tlm_info_.tl_list[offset+13])[2],HEX,,,,,,,,,,
,CMD13_PARAM3,uint8_t,,CCP_get_param_head(timeline_command_dispatcher->tlm_info_.tl_list[offset+13])[3],HEX,,,,,,,,,,
,CMD13_PARAM4,uint8_t,,CCP_get_param_head(timeline_command_dispatcher->tlm_info_.tl_list[offset+13])[4],HEX,,,,,,,,,,
,CMD13_PARAM5,uint8_t,,CCP_get_param_head(timeline_command_dispatcher->tlm_info_.tl_list[offset+13])[5],HEX,,,,,,,,,,
,CMD14_ID,uint16_t,,(uint16_t)CCP_get_id(timeline_command_dispatcher->tlm_info_.tl_list[offset+14]),HEX,,,,,,,,,,
,CMD14_TI,uint32_t,,(uint32_t)CCP_get_ti(timeline_command_dispatcher->tlm_info_.tl_list[offset+14]),NONE,,,,,,,,,,
,CMD14_PARAM0,uint8_t,,CCP_get_param_head(timeline_command_dispatcher->tlm_info_.tl_list[offset+14])[0],HEX,,,,,,,,,,
,CMD14_PARAM1,uint8_t,,CCP_get_param_head(timeline_command_dispatcher->tlm_info_.tl_list[offset+14])[1],HEX,,,,,,,,,,
,CMD14_PARAM2,uint8_t,,CCP_get_param_head(timeline_command_dispatcher->tlm_info_.tl_list[offset+14])[2],HEX,,,,,,,,,,
,CMD14_PARAM3,uint8_t,,CCP_get_param_head(timeline_command_dispatcher->tlm_info_.tl_list[offset+14])[3],HEX,,,,,,,,,,
,CMD14_PARAM4,uint8_t,,CCP_get_param_head(timeline_command_dispatcher->tlm_info_.tl_list[offset+14])[4],HEX,,,,,,,,,,
,CMD14_PARAM5,uint8_t,,CCP_get_param_head(timeline_command_dispatcher->tlm_info_.tl_list[offset+14])[5],HEX,,,,,,,,,,
,CMD15_ID,uint16_t,,(uint16_t)CCP_get_id(timeline_command_dispatcher->tlm_info_.tl_list[offset+15]),HEX,,,,,,,,,,
,CMD15_TI,uint32_t,,(uint32_t)CCP_get_ti(timeline_command_dispatcher->tlm_info_.tl_list[offset+15]),NONE,,,,,,,,,,
,CMD15_PARAM0,uint8_t,,CCP_get_param_head(timeline_command_dispatcher->tlm_info_.tl_list[offset+15])[0],HEX,,,,,,,,,,
,CMD15_PARAM1,uint8_t,,CCP_get_param_head(timeline_command_dispatcher->tlm_info_.tl_list[offset+15])[1],HEX,,,,,,,,,,
,CMD15_PARAM2,uint8_t,,CCP_get_param_head(timeline_command_dispatcher->tlm_info_.tl_list[offset+15])[2],HEX,,,,,,,,,,
,CMD15_PARAM3,uint8_t,,CCP_get_param_head(timeline_command_dispatcher->tlm_info_.tl_list[offset+15])[3],HEX,,,,,,,,,,
,CMD15_PARAM4,uint8_t,,CCP_get_param_head(timeline_command_dispatcher->tlm_info_.tl_list[offset+15])[4],HEX,,,,,,,,,,
,CMD15_PARAM5,uint8_t,,CCP_get_param_head(timeline_command_dispatcher->tlm_info_.tl_list[offset+15])[5],HEX,,,,,,,,,,
,CMD16_ID,uint16_t,,(uint16_t)CCP_get_id(timeline_command_dispatcher->tlm_info_.tl_list[offset+16]),HEX,,,,,,,,,,
,CMD16_TI,uint32_t,,(uint32_t)CCP_get_ti(timeline_command_dispatcher->tlm_info_.tl_list[offset+16]),NONE,,,,,,,,,,
,CMD16_PARAM0,uint8_t,,CCP_get_param_head(timeline_command_dispatcher->tlm_info_.tl_list[offset+16])[0],HEX,,,,,,,,,,
,CMD16_PARAM1,uint8_t,,CCP_get_param_head(timeline_command_dispatcher->tlm_info_.tl_list[offset+16])[1],HEX,,,,,,,,,,
,CMD16_PARAM2,uint8_t,,CCP_get_param_head(timeline_command_dispatcher->tlm_info_.tl_list[offset+16])[2],HEX,,,,,,,,,,
,CMD16_PARAM3,uint8_t,,CCP_get_param_head(timeline_command_dispatcher->tlm_info_.tl_list[offset+16])[3],HEX,,,,,,,,,,
,CMD16_PARAM4,uint8_t,,CCP_get_param_head(timeline_command_dispatcher->tlm_info_.tl_list[offset+16])[4],HEX,,,,,,,,,,
,CMD16_PARAM5,uint8_t,,CCP_get_param_head(timeline_command_dispatcher->tlm_info_.tl_list[offset+16])[5],HEX,,,,,,,,,,
,CMD17_ID,uint16_t,,(uint16_t)CCP_get_id(timeline_command_dispatcher->tlm_info_.tl_list[offset+17]),HEX,,,,,,,,,,
,CMD17_TI,uint32_t,,(uint32_t)CCP_get_ti(timeline_command_dispatcher->tlm_info_.tl_list[offset+17]),NONE,,,,,,,,,,
,CMD17_PARAM0,uint8_t,,CCP_get_param_head(timeline_command_dispatcher->tlm_info_.tl_list[offset+17])[0],HEX,,,,,,,,,,
,CMD17_PARAM1,uint8_t,,CCP_get_param_head(timeline_command_dispatcher->tlm_info_.tl_list[offset+17])[1],HEX,,,,,,,,,,
,CMD17_PARAM2,uint8_t,,CCP_get_param_head(timeline_command_dispatcher->tlm_info_.tl_list[offset+17])[2],HEX,,,,,,,,,,
,CMD17_PARAM3,uint8_t,,CCP_get_param_head(timeline_command_dispatcher->tlm_info_.tl_list[offset+17])[3],HEX,,,,,,,,,,
,CMD17_PARAM4,uint8_t,,CCP_get_param_head(timeline_command_dispatcher->tlm_info_.tl_list[offset+17])[4],HEX,,,,,,,,,,
,CMD17_PARAM5,uint8_t,,CCP_get_param_head(timeline_command_dispatcher->tlm_info_.tl_list[offset+17])[5],HEX,,,,,,,,,,
,CMD18_ID,uint16_t,,(uint16_t)CCP_get_id(timeline_command_dispatcher->tlm_info_.tl_list[offset+18]),HEX,,,,,,,,,,
,CMD18_TI,uint32_t,,(uint32_t)CCP_get_ti(timeline_command_dispatcher->tlm_info_.tl_list[offset+18]),NONE,,,,,,,,,,
,CMD18_PARAM0,uint8_t,,CCP_get_param_head(timeline_command_dispatcher->tlm_info_.tl_list[offset+18])[0],HEX,,,,,,,,,,
,CMD18_PARAM1,uint8_t,,CCP_get_param_head(timeline_command_dispatcher->tlm_info_.tl_list[offset+18])[1],HEX,,,,,,,,,,
,CMD18_PARAM2,uint8_t,,CCP_get_param_head(timeline_command_dispatcher->tlm_info_.tl_list[offset+18])[2],HEX,,,,,,,,,,
,CMD18_PARAM3,uint8_t,,CCP_get_param_head(timeline_command_dispatcher->tlm_info_.tl_list[offset+18])[3],HEX,,,,,,,,,,
,CMD18_PARAM4,uint8_t,,CCP_get_param_head(timeline_command_dispatcher->tlm_info_.tl_list[offset+18])[4],HEX,,,,,,,,,,
,CMD18_PARAM5,uint8_t,,CCP_get_param_head(timeline_command_dispatcher->tlm_info_.tl_list[offset+18])[5],HEX,,,,,,,,,,
,CMD19_ID,uint16_t,,(uint16_t)CCP_get_id(timeline_command_dispatcher->tlm_info_.tl_list[offset+19]),HEX,,,,,,,,,,
,CMD19_TI,uint32_t,,(uint32_t)CCP_get_ti(timeline_command_dispatcher->tlm_info_.tl_list[offset+19]),NONE,,,,,,,,,,
,CMD19_PARAM0,uint8_t,,CCP_get_param_head(timeline_command_dispatcher->tlm_info_.tl_list[offset+19])[0],HEX,,,,,,,,,,
,CMD19_PARAM1,uint8_t,,CCP_get_param_head(timeline_command_dispatcher->tlm_info_.tl_list[offset+19])[1],HEX,,,,,,,,,,
,CMD19_PARAM2,uint8_t,,CCP_get_param_head(timeline_command_dispatcher->tlm_info_.tl_list[offset+19])[2],HEX,,,,,,,,,,
,CMD19_PARAM3,uint8_t,,CCP_get_param_head(timeline_command_dispatcher->tlm_info_.tl_list[offset+19])[3],HEX,,,,,,,,,,
,CMD19_PARAM4,uint8_t,,CCP_get_param_head(timeline_command_dispatcher->tlm_info_.tl_list[offset+19])[4],HEX,,,,,,,,,,
,CMD19_PARAM5,uint8_t,,CCP_get_param_head(timeline_command_dispatcher->tlm_info_.tl_list[offset+19])[5],HEX,,,,,,,,,,
,CMD20_ID,uint16_t,,(uint16_t)CCP_get_id(timeline_command_dispatcher->tlm_info_.tl_list[offset+20]),HEX,,,,,,,,,,
,CMD20_TI,uint32_t,,(uint32_t)CCP_get_ti(timeline_command_dispatcher->tlm_info_.tl_list[offset+20]),NONE,,,,,,,,,,
,CMD20_PARAM0,uint8_t,,CCP_get_param_head(timeline_command_dispatcher->tlm_info_.tl_list[offset+20])[0],HEX,,,,,,,,,,
,CMD20_PARAM1,uint8_t,,CCP_get_param_head(timeline_command_dispatcher->tlm_info_.tl_list[offset+20])[1],HEX,,,,,,,,,,
,CMD20_PARAM2,uint8_t,,CCP_get_param_head(timeline_command_dispatcher->tlm_info_.tl_list[offset+20])[2],HEX,,,,,,,,,,
,CMD20_PARAM3,uint8_t,,CCP_get_param_head(timeline_command_dispatcher->tlm_info_.tl_list[offset+20])[3],HEX,,,,,,,,,,
,CMD20_PARAM4,uint8_t,,CCP_get_param_head(timeline_command_dispatcher->tlm_info_.tl_list[offset+20])[4],HEX,,,,,,,,,,
,CMD20_PARAM5,uint8_t,,CCP_get_param_head(timeline_command_dispatcher->tlm_info_.tl_list[offset+20])[5],HEX,,,,,,,,,,
,CMD21_ID,uint16_t,,(uint16_t)CCP_get_id(timeline_command_dispatcher->tlm_info_.tl_list[offset+21]),HEX,,,,,,,,,,
,CMD21_TI,uint32_t,,(uint32_t)CCP_get_ti(timeline_command_dispatcher->tlm_info_.tl_list[offset+21]),NONE,,,,,,,,,,
,CMD21_PARAM0,uint8_t,,CCP_get_param_head(timeline_command_dispatcher->tlm_info_.tl_list[offset+21])[0],HEX,,,,,,,,,,
,CMD21_PARAM1,uint8_t,,CCP_get_param_head(timeline_command_dispatcher->tlm_info_.tl_list[offset+21])[1],HEX,,,,,,,,,,
,CMD21_PARAM2,uint8_t,,CCP_get_param_head(timeline_command_dispatcher->tlm_info_.tl_list[offset+21])[2],HEX,,,,,,,,,,
,CMD21_PARAM3,uint8_t,,CCP_get_param_head(timeline_command_dispatcher->tlm_info_.tl_list[offset+21])[3],HEX,,,,,,,,,,
,CMD21_PARAM4,uint8_t,,CCP_get_param_head(timeline_command_dispatcher->tlm_info_.tl_list[offset+21])[4],HEX,,,,,,,,,,
,CMD21_PARAM5,uint8_t,,CCP_get_param_head(timeline_command_dispatcher->tlm_info_.tl_list[offset+21])[5],HEX,,,,,,,,,,
,CMD22_ID,uint16_t,,(uint16_t)CCP_get_id(timeline_command_dispatcher->tlm_info_.tl_list[offset+22]),HEX,,,,,,,,,,
,CMD22_TI,uint32_t,,(uint32_t)CCP_get_ti(timeline_command_dispatcher->tlm_info_.tl_list[offset+22]),NONE,,,,,,,,,,
,CMD22_PARAM0,uint8_t,,CCP_get_param_head(timeline_command_dispatcher->tlm_info_.tl_list[offset+22])[0],HEX,,,,,,,,,,
,CMD22_PARAM1,uint8_t,,CCP_get_param_head(timeline_command_dispatcher->tlm_info_.tl_list[offset+22])[1],HEX,,,,,,,,,,
,CMD22_PARAM2,uint8_t,,CCP_get_param_head(timeline_command_dispatcher->tlm_info_.tl_list[offset+22])[2],HEX,,,,,,,,,,
,CMD22_PARAM3,uint8_t,,CCP_get_param_head(timeline_command_dispatcher->tlm_info_.tl_list[offset+22])[3],HEX,,,,,,,,,,
,CMD22_PARAM4,uint8_t,,CCP_get_param_head(timeline_command_dispatcher->tlm_info_.tl_list[offset+22])[4],HEX,,,,,,,,,,
,CMD22_PARAM5,uint8_t,,CCP_get_param_head(timeline_command_dispatcher->tlm_info_.tl_list[offset+22])[5],HEX,,,,,,,,,,
,CMD23_ID,uint16_t,,(uint16_t)CCP_get_id(timeline_command_dispatcher->tlm_info_.tl_list[offset+23]),HEX,,,,,,,,,,
,CMD23_TI,uint32_t,,(uint32_t)CCP_get_ti(timeline_command_dispatcher->tlm_info_.tl_list[offset+23]),NONE,,,,,,,,,,
,CMD23_PARAM0,uint8_t,,CCP_get_param_head(timeline_command_dispatcher->tlm_info_.tl_list[offset+23])[0],HEX,,,,,,,,,,
,CMD23_PARAM1,uint8_t,,CCP_get_param_head(timeline_command_dispatcher->tlm_info_.tl_list[offset+23])[1],HEX,,,,,,,,,,
,CMD23_PARAM2,uint8_t,,CCP_get_param_head(timeline_command_dispatcher->tlm_info_.tl_list[offset+23])[2],HEX,,,,,,,,,,
,CMD23_PARAM3,uint8_t,,CCP_get_param_head(timeline_command_dispatcher->tlm_info_.tl_list[offset+23])[3],HEX,,,,,,,,,,
,CMD23_PARAM4,uint8_t,,CCP_get_param_head(timeline_command_dispatcher->tlm_info_.tl_list[offset+23])[4],HEX,,,,,,,,,,
,CMD23_PARAM5,uint8_t,,CCP_get_param_head(timeline_command_dispatcher->tlm_info_.tl_list[offset+23])[5],HEX,,,,,,,,,,
,CMD24_ID,uint16_t,,(uint16_t)CCP_get_id(timeline_command_dispatcher->tlm_info_.tl_list[offset+24]),HEX,,,,,,,,,,
,CMD24_TI,uint32_t,,(uint32_t)CCP_get_ti(timeline_command_dispatcher->tlm_info_.tl_list[offset+24]),NONE,,,,,,,,,,
,CMD24_PARAM0,uint8_t,,CCP_get_param_head(timeline_command_dispatcher->tlm_info_.tl_list[offset+24])[0],HEX,,,,,,,,,,
,CMD24_PARAM1,uint8_t,,CCP_get_param_head(timeline_command_dispatcher->tlm_info_.tl_list[offset+24])[1],HEX,,,,,,,,,,
,CMD24_PARAM2,uint8_t,,CCP_get_param_head(timeline_command_dispatcher->tlm_info_.tl_list[offset+24])[2],HEX,,,,,,,,,,
,CMD24_PARAM3,uint8_t,,CCP_get_param_head(timeline_command_dispatcher->tlm_info_.tl_list[offset+24])[3],HEX,,,,,,,,,,
,CMD24_PARAM4,uint8_t,,CCP_get_param_head(timeline_command_dispatcher->tlm_info_.tl_list[offset+24])[4],HEX,,,,,,,,,,
,CMD24_PARAM5,uint8_t,,CCP_get_param_head(timeline_command_dispatcher->tlm_info_.tl_list[offset+24])[5],HEX,,,,,,,,,,
,CMD25_ID,uint16_t,,(uint16_t)CCP_get_id(timeline_command_dispatcher->tlm_info_.tl_list[offset+25]),HEX,,,,,,,,,,
,CMD25_TI,uint32_t,,(uint32_t)CCP_get_ti(timeline_command_dispatcher->tlm_info_.tl_list[offset+25]),NONE,,,,,,,,,,
,CMD25_PARAM0,uint8_t,,CCP_get_param_head(timeline_command_dispatcher->tlm_info_.tl_list[offset+25])[0],HEX,,,,,,,,,,
,CMD25_PARAM1,uint8_t,,CCP_get_param_head(timeline_command_dispatcher->tlm_info_.tl_list[offset+25])[1],HEX,,,,,,,,,,
,CMD25_PARAM2,uint8_t,,CCP_get_param_head(timeline_command_dispatcher->tlm_info_.tl_list[offset+25])[2],HEX,,,,,,,,,,
,CMD25_PARAM3,uint8_t,,CCP_get_param_head(timeline_command_dispatcher->tlm_info_.tl_list[offset+25])[3],HEX,,,,,,,,,,
,CMD25_PARAM4,uint8_t,,CCP_get_param_head(timeline_command_dispatcher->tlm_info_.tl_list[offset+25])[4],HEX,,,,,,,,,,
,CMD25_PARAM5,uint8_t,,CCP_get_param_head(timeline_command_dispatcher->tlm_info_.tl_list[offset+25])[5],HEX,,,,,,,,,,
,CMD26_ID,uint16_t,,(uint16_t)CCP_get_id(timeline_command_dispatcher->tlm_info_.tl_list[offset+26]),HEX,,,,,,,,,,
,CMD26_TI,uint32_t,,(uint32_t)CCP_get_ti(timeline_command_dispatcher->tlm_info_.tl_list[offset+26]),NONE,,,,,,,,,,
,CMD26_PARAM0,uint8_t,,CCP_get_param_head(timeline_command_dispatcher->tlm_info_.tl_list[offset+26])[0],HEX,,,,,,,,,,
,CMD26_PARAM1,uint8_t,,CCP_get_param_head(timeline_command_dispatcher->tlm_info_.tl_list[offset+26])[1],HEX,,,,,,,,,,
,CMD26_PARAM2,uint8_t,,CCP_get_param_head(timeline_command_dispatcher->tlm_info_.tl_list[offset+26])[2],HEX,,,,,,,,,,
,CMD26_PARAM3,uint8_t,,CCP_get_param_head(timeline_command_dispatcher->tlm_info_.tl_list[offset+26])[3],HEX,,,,,,,,,,
,CMD26_PARAM4,uint8_t,,CCP_get_param_head(timeline_command_dispatcher->tlm_info_.tl_list[offset+26])[4],HEX,,,,,,,,,,
,CMD26_PARAM5,uint8_t,,CCP_get_param_head(timeline_command_dispatcher->tlm_info_.tl_list[offset+26])[5],HEX,,,,,,,,,,
,CMD27_ID,uint16_t,,(uint16_t)CCP_get_id(timeline_command_dispatcher->tlm_info_.tl_list[offset+27]),HEX,,,,,,,,,,
,CMD27_TI,uint32_t,,(uint32_t)CCP_get_ti(timeline_command_dispatcher->tlm_info_.tl_list[offset+27]),NONE,,,,,,,,,,
,CMD27_PARAM0,uint8_t,,CCP_get_param_head(timeline_command_dispatcher->tlm_info_.tl_list[offset+27])[0],HEX,,,,,,,,,,
,CMD27_PARAM1,uint8_t,,CCP_get_param_head(timeline_command_dispatcher->tlm_info_.tl_list[offset+27])[1],HEX,,,,,,,,,,
,CMD27_PARAM2,uint8_t,,CCP_get_param_head(timeline_command_dispatcher->tlm_info_.tl_list[offset+27])[2],HEX,,,,,,,,,,
,CMD27_PARAM3,uint8_t,,CCP_get_param_head(timeline_command_dispatcher->tlm_info_.tl_list[offset+27])[3],HEX,,,,,,,,,,
,CMD27_PARAM4,uint8_t,,CCP_get_param_head(timeline_command_dispatcher->tlm_info_.tl_list[offset+27])[4],HEX,,,,,,,,,,
,CMD27_PARAM5,uint8_t,,CCP_get_param_head(timeline_command_dispatcher->tlm_info_.tl_list[offset+27])[5],HEX,,,,,,,,,,
,CMD28_ID,uint16_t,,(uint16_t)CCP_get_id(timeline_command_dispatcher->tlm_info_.tl_list[offset+28]),HEX,,,,,,,,,,
,CMD28_TI,uint32_t,,(uint32_t)CCP_get_ti(timeline_command_dispatcher->tlm_info_.tl_list[offset+28]),NONE,,,,,,,,,,
,CMD28_PARAM0,uint8_t,,CCP_get_param_head(timeline_command_dispatcher->tlm_info_.tl_list[offset+28])[0],HEX,,,,,,,,,,
,CMD28_PARAM1,uint8_t,,CCP_get_param_head(timeline_command_dispatcher->tlm_info_.tl_list[offset+28])[1],HEX,,,,,,,,,,
,CMD28_PARAM2,uint8_t,,CCP_get_param_head(timeline_command_dispatcher->tlm_info_.tl_list[offset+28])[2],HEX,,,,,,,,,,
,CMD28_PARAM3,uint8_t,,CCP_get_param_head(timeline_command_dispatcher->tlm_info_.tl_list[offset+28])[3],HEX,,,,,,,,,,
,CMD28_PARAM4,uint8_t,,CCP_get_param_head(timeline_command_dispatcher->tlm_info_.tl_list[offset+28])[4],HEX,,,,,,,,,,
,CMD28_PARAM5,uint8_t,,CCP_get_param_head(timeline_command_dispatcher->tlm_info_.tl_list[offset+28])[5],HEX,,,,,,,,,,
,CMD29_ID,uint16_t,,(uint16_t)CCP_get_id(timeline_command_dispatcher->tlm_info_.tl_list[offset+29]),HEX,,,,,,,,,,
,CMD29_TI,uint32_t,,(uint32_t)CCP_get_ti(timeline_command_dispatcher->tlm_info_.tl_list[offset+29]),NONE,,,,,,,,,,
,CMD29_PARAM0,uint8_t,,CCP_get_param_head(timeline_command_dispatcher->tlm_info_.tl_list[offset+29])[0],HEX,,,,,,,,,,
,CMD29_PARAM1,uint8_t,,CCP_get_param_head(timeline_command_dispatcher->tlm_info_.tl_list[offset+29])[1],HEX,,,,,,,,,,
,CMD29_PARAM2,uint8_t,,CCP_get_param_head(timeline_command_dispatcher->tlm_info_.tl_list[offset+29])[2],HEX,,,,,,,,,,
,CMD29_PARAM3,uint8_t,,CCP_get_param_head(timeline_command_dispatcher->tlm_info_.tl_list[offset+29])[3],HEX,,,,,,,,,,
,CMD29_PARAM4,uint8_t,,CCP_get_param_head(timeline_command_dispatcher->tlm_info_.tl_list[offset+29])[4],HEX,,,,,,,,,,
,CMD29_PARAM5,uint8_t,,CCP_get_param_head(timeline_command_dispatcher->tlm_info_.tl_list[offset+29])[5],HEX,,,,,,,,,,
,CMD30_ID,uint16_t,,(uint16_t)CCP_get_id(timeline_command_dispatcher->tlm_info_.tl_list[offset+30]),HEX,,,,,,,,,,
,CMD30_TI,uint32_t,,(uint32_t)CCP_get_ti(timeline_command_dispatcher->tlm_info_.tl_list[offset+30]),NONE,,,,,,,,,,
,CMD30_PARAM0,uint8_t,,CCP_get_param_head(timeline_command_dispatcher->tlm_info_.tl_list[offset+30])[0],HEX,,,,,,,,,,
,CMD30_PARAM1,uint8_t,,CCP_get_param_head(timeline_command_dispatcher->tlm_info_.tl_list[offset+30])[1],HEX,,,,,,,,,,
,CMD30_PARAM2,uint8_t,,CCP_get_param_head(timeline_command_dispatcher->tlm_info_.tl_list[offset+30])[2],HEX,,,,,,,,,,
,CMD30_PARAM3,uint8_t,,CCP_get_param_head(timeline_command_dispatcher->tlm_info_.tl_list[offset+30])[3],HEX,,,,,,,,,,
,CMD30_PARAM4,uint8_t,,CCP_get_param_head(timeline_command_dispatcher->tlm_info_.tl_list[offset+30])[4],HEX,,,,,,,,,,
,CMD30_PARAM5,uint8_t,,CCP_get_param_head(timeline_command_dispatcher->tlm_info_.tl_list[offset+30])[5],HEX,,,,,,,,,,
,CMD31_ID,uint16_t,,(uint16_t)CCP_get_id(timeline_command_dispatcher->tlm_info_.tl_list[offset+31]),HEX,,,,,,,,,,
,CMD31_TI,uint32_t,,(uint32_t)CCP_get_ti(timeline_command_dispatcher->tlm_info_.tl_list[offset+31]),NONE,,,,,,,,,,
,CMD31_PARAM0,uint8_t,,CCP_get_param_head(timeline_command_dispatcher->tlm_info_.tl_list[offset+31])[0],HEX,,,,,,,,,,
,CMD31_PARAM1,uint8_t,,CCP_get_param_head(timeline_command_dispatcher->tlm_info_.tl_list[offset+31])[1],HEX,,,,,,,,,,
,CMD31_PARAM2,uint8_t,,CCP_get_param_head(timeline_command_dispatcher->tlm_info_.tl_list[offset+31])[2],HEX,,,,,,,,,,
,CMD31_PARAM3,uint8_t,,CCP_get_param_head(timeline_command_dispatcher->tlm_info_.tl_list[offset+31])[3],HEX,,,,,,,,,,
,CMD31_PARAM4,uint8_t,,CCP_get_param_head(timeline_command_dispatcher->tlm_info_.tl_list[offset+31])[4],HEX,,,,,,,,,,
,CMD31_PARAM5,uint8_t,,CCP_get_param_head(timeline_command_dispatcher->tlm_info_.tl_list[offset+31])[5],HEX,,,,,,,,,,
