FALSE,0,OBC,,,,,,,,,,,,,
subsystem,name,type,bit,var,conv,a0,a1,a2,a3,a4,a5,status,description,note,priority
,PH.VER,_uint16_t,3,,NONE,,,,,,,,,,
,PH.TYPE,,1,,NONE,,,,,,,,,,
,PH.SH_FLAG,,1,,NONE,,,,,,,,,,
,PH.APID,,11,,NONE,,,,,,,,,,
,PH.SEQ_FLAG,_uint16_t,2,,NONE,,,,,,,,,,
,PH.SEQ_COUNT,,14,,NONE,,,,,,,,,,
,PH.PACKET_LEN,uint16_t,,,NONE,,,,,,,,,,
,SH.VER,uint8_t,,,NONE,,,,,,,,,,
,SH.TI,uint32_t,,,NONE,,,,,,,,,,
,SH.TLM_ID,uint8_t,,,HEX,,,,,,,,,,
,SH.GLOBAL_TIME,double,,,NONE,,,,,,,,,,
,SH.ON_BOARD_SUBNET_TIME,uint32_t,,,NONE,,,,,,,,,,
,SH.DEST_FLAGS,uint8_t,,,HEX,,,,,,,,,,
,SH.DEST_INFO,uint8_t,,,NONE,,,,,,,,,,
,OBC.TM_MODE_TIME,uint32_t,,TMGR_get_master_clock().mode_cycle,NONE,,,,,,,,,,
,OBC.TM_UNIXTIME_AT_TI0,double,,TMGR_get_unixtime_at_ti0(),NONE,,,,,,,,,,
,OBC.MM_OPSMODE,uint8_t,,(uint8_t)(mode_manager->current_id),STATUS,,,,,,,"0=START_UP,1=INITIAL,2=GND_TEST,3=WDFAR,4=RTC_HIGH_RATE,5=5,6=6,7=7,8=8,9=9,10=10,11=11,12=12,13=13,14=14,15=15,16=MAX,*=N/A",,,
,OBC.MM_STS,_uint8_t,1,(uint8_t)( ((uint8_t)(mode_manager->stat) << 7 & 0x80) | ((uint8_t)(mode_manager->previous_id) & 0x7F) ),STATUS,,,,,,,"0=FINISHED,1=PROGRESS,*=N/A",,,
,OBC.MM_OPSMODE_PREV,,7,,STATUS,,,,,,,"0=START_UP,1=INITIAL,2=GND_TEST,3=WDFAR,4=RTC_HIGH_RATE,5=5,6=6,7=7,8=8,9=9,10=10,11=11,12=12,13=13,14=14,15=15,16=MAX,*=N/A",,,
,OBC.TDSP.CURRENT_ID,uint16_t,,task_dispatcher->task_list_id,NONE,,,,,,,,,,
,OBC.GS_CMD.COUNTER,uint32_t,,PL_count_executed_nodes(&PH_gs_cmd_list),NONE,,,,,,,,地上局コマンドカウンタ,,
,OBC.GS_CMD.LAST_EXEC.TIME,uint32_t,,(uint32_t)(gs_command_dispatcher->prev.time.total_cycle),NONE,,,,,,,,最新地上局コマンド実行時刻,,
,OBC.GS_CMD.LAST_EXEC.ID,uint16_t,,(uint16_t)(gs_command_dispatcher->prev.code),NONE,,,,,,,,最新地上局コマンドID,,
,OBC.GS_CMD.LAST_EXEC.EXEC_STS,uint8_t,,(uint8_t)(gs_command_dispatcher->prev.cmd_ret.exec_sts),STATUS,,,,,,,"0=SUC, 1=LEN, 2=PRM, 3=CNT, 4=NDF, 5=RUT, 6=FMT, *=ERR",最新地上局コマンド実行結果,,
,OBC.GS_CMD.LAST_EXEC.ERR_CODE,uint32_t,,gs_command_dispatcher->prev.cmd_ret.err_code,NONE,,,,,,,,,,
,OBC.GS_CMD.LAST_ERR.TIME,uint32_t,,(uint32_t)(gs_command_dispatcher->prev_err.time.total_cycle),NONE,,,,,,,,最新地上局コマンド実行時刻,,
,OBC.GS_CMD.LAST_ERR.ID,uint16_t,,(uint16_t)(gs_command_dispatcher->prev_err.code),NONE,,,,,,,,最新地上局コマンドID,,
,OBC.GS_CMD.LAST_ERR.EXEC_STS,uint8_t,,(uint8_t)(gs_command_dispatcher->prev_err.cmd_ret.exec_sts),STATUS,,,,,,,"0=SUC, 1=LEN, 2=PRM, 3=CNT, 4=NDF, 5=RUT, 6=FMT, *=ERR",最新地上局コマンド実行結果,,
,OBC.GS_CMD.LAST_ERR.ERR_CODE,uint32_t,,gs_command_dispatcher->prev_err.cmd_ret.err_code,NONE,,,,,,,,,,
,OBC.GS_CMD.ERR_COUNTER,uint32_t,,(uint32_t)(gs_command_dispatcher->error_counter),NONE,,,,,,,,地上局コマンド実行異常カウンタ,,
,OBC.RT_CMD.COUNTER,uint32_t,,PL_count_executed_nodes(&PH_rt_cmd_list),NONE,,,,,,,,内部コマンドカウンタ,,
,OBC.RT_CMD.LAST_EXEC.TIME,uint32_t,,(uint32_t)(realtime_command_dispatcher->prev.time.total_cycle),NONE,,,,,,,,最新内部コマンド実行時刻,,
,OBC.RT_CMD.LAST_EXEC.ID,uint16_t,,(uint16_t)(realtime_command_dispatcher->prev.code),NONE,,,,,,,,最新内部コマンドID,,
,OBC.RT_CMD.LAST_EXEC.EXEC_STS,uint8_t,,(uint8_t)(realtime_command_dispatcher->prev.cmd_ret.exec_sts),STATUS,,,,,,,"0=SUC, 1=LEN, 2=PRM, 3=CNT, 4=NDF, 5=RUT, 6=FMT, *=ERR",最新内部コマンド実行結果,,
,OBC.RT_CMD.LAST_ERR.ERR_CODE,uint32_t,,realtime_command_dispatcher->prev.cmd_ret.err_code,NONE,,,,,,,,,,
,OBC.RT_CMD.LAST_ERR.TIME,uint32_t,,(uint32_t)(realtime_command_dispatcher->prev_err.time.total_cycle),NONE,,,,,,,,最新内部コマンド実行時刻,,
,OBC.RT_CMD.LAST_ERR.ID,uint16_t,,(uint16_t)(realtime_command_dispatcher->prev_err.code),NONE,,,,,,,,最新内部コマンドID,,
,OBC.RT_CMD.LAST_ERR.EXEC_STS,uint8_t,,(uint8_t)(realtime_command_dispatcher->prev_err.cmd_ret.exec_sts),STATUS,,,,,,,"0=SUC, 1=LEN, 2=PRM, 3=CNT, 4=NDF, 5=RUT, 6=FMT, *=ERR",最新内部コマンド実行結果,,
,OBC.RT_CMD.LAST_EXEC.ERR_CODE,uint32_t,,realtime_command_dispatcher->prev_err.cmd_ret.err_code,NONE,,,,,,,,,,
,OBC.RT_CMD.ERR_COUNTER,uint32_t,,(uint32_t)(realtime_command_dispatcher->error_counter),NONE,,,,,,,,地上局コマンド実行異常カウンタ,,
,OBC.TLC_GS.COUNTER,uint32_t,,PL_count_executed_nodes(&PH_tl_cmd_list[TLCD_ID_FROM_GS]),NONE,,,,,,,,TL0コマンドカウンタ,,
,OBC.TLC_GS.QUEUED,uint8_t,,(uint8_t)(PL_count_active_nodes(&PH_tl_cmd_list[TLCD_ID_FROM_GS])),NONE,,,,,,,,TL0登録コマンド数,,
,OBC.TLC_GS.LAST_EXEC.TIME,uint32_t,,(uint32_t)(timeline_command_dispatcher->dispatcher[TLCD_ID_FROM_GS].prev.time.total_cycle),NONE,,,,,,,,最新TL0コマンド実行時刻,,
,OBC.TLC_GS.LAST_EXEC.ID,uint16_t,,(uint16_t)(timeline_command_dispatcher->dispatcher[TLCD_ID_FROM_GS].prev.code),NONE,,,,,,,,最新TL0コマンドID,,
,OBC.TLC_GS.LAST_EXEC.EXEC_STS,uint8_t,,(uint8_t)(timeline_command_dispatcher->dispatcher[TLCD_ID_FROM_GS].prev.cmd_ret.exec_sts),STATUS,,,,,,,"0=SUC, 1=LEN, 2=PRM, 3=CNT, 4=NDF, 5=RUT, 6=FMT, *=ERR",最新TL0コマンド実行結果,,
,OBC.TLC_GS.LAST_EXEC.ERR_CODE,uint32_t,,timeline_command_dispatcher->dispatcher[TLCD_ID_FROM_GS].prev.cmd_ret.err_code,NONE,,,,,,,,,,
,OBC.TLC_GS.LAST_ERR.TIME,uint32_t,,(uint32_t)(timeline_command_dispatcher->dispatcher[TLCD_ID_FROM_GS].prev_err.time.total_cycle),NONE,,,,,,,,最新TL0コマンド実行時刻,,
,OBC.TLC_GS.LAST_ERR.ID,uint16_t,,(uint16_t)(timeline_command_dispatcher->dispatcher[TLCD_ID_FROM_GS].prev_err.code),NONE,,,,,,,,最新TL0コマンドID,,
,OBC.TLC_GS.LAST_ERR.EXEC_STS,uint8_t,,(uint8_t)(timeline_command_dispatcher->dispatcher[TLCD_ID_FROM_GS].prev_err.cmd_ret.exec_sts),STATUS,,,,,,,"0=SUC, 1=LEN, 2=PRM, 3=CNT, 4=NDF, 5=RUT, 6=FMT, *=ERR",最新TL0コマンド実行結果,,
,OBC.TLC_GS.LAST_ERR.ERR_CODE,uint32_t,,timeline_command_dispatcher->dispatcher[TLCD_ID_FROM_GS].prev_err.cmd_ret.err_code,NONE,,,,,,,,,,
,OBC.TLC_GS.ERR_COUNTER,uint8_t,,(uint8_t)(timeline_command_dispatcher->dispatcher[TLCD_ID_FROM_GS].error_counter),NONE,,,,,,,,最新TL0コマンド実行異常カウンタ,,
,OBC.TLC_GS.NEXT_TIME,uint32_t,,(PL_is_empty(&(PH_tl_cmd_list[TLCD_ID_FROM_GS])) ? 0 : (uint32_t)CCP_get_ti((const CommonCmdPacket*)(PL_get_head(&(PH_tl_cmd_list[TLCD_ID_FROM_GS]))->packet))),NONE,,,,,,,,次TL0コマンド実行時刻,変数指定が大変なことに…,
,OBC.TLC_GS.NEXT_ID,uint16_t,,(uint16_t)(PL_is_empty(&(PH_tl_cmd_list[TLCD_ID_FROM_GS])) ? 0 : CCP_get_id((const CommonCmdPacket*)(PL_get_head(&(PH_tl_cmd_list[TLCD_ID_FROM_GS]))->packet))),NONE,,,,,,,,次TL0コマンドID,変数指定が大変なことに…,
,OBC.TLC_BC.COUNTER,uint32_t,,PL_count_executed_nodes(&PH_tl_cmd_list[TLCD_ID_DEPLOY_BC]),NONE,,,,,,,,TL1コマンドカウンタ,,
,OBC.TLC_BC.QUEUED,uint8_t,,(uint8_t)(PL_count_active_nodes(&PH_tl_cmd_list[TLCD_ID_DEPLOY_BC])),NONE,,,,,,,,TL1登録コマンド数,,
,OBC.TLC_TLM.COUNTER,uint32_t,,PL_count_executed_nodes(&PH_tl_cmd_list[TLCD_ID_DEPLOY_TLM]),NONE,,,,,,,,TL2コマンドカウンタ,,
,OBC.TLC_TLM.QUEUED,uint8_t,,(uint8_t)(PL_count_active_nodes(&PH_tl_cmd_list[TLCD_ID_DEPLOY_TLM])),NONE,,,,,,,,TL2登録コマンド数,,
,OBC.TLC_GS.SOE_FLAG,_uint8_t,1,(uint8_t)(((uint8_t)timeline_command_dispatcher->dispatcher[TLCD_ID_FROM_GS].stop_on_error << 7 & 0x80) | ((uint8_t)timeline_command_dispatcher->dispatcher[TLCD_ID_FROM_GS].lockout << 6 & 0x40) | ((uint8_t)timeline_command_dispatcher->dispatcher[TLCD_ID_DEPLOY_BC].stop_on_error << 5 & 0x20) | ((uint8_t)timeline_command_dispatcher->dispatcher[TLCD_ID_DEPLOY_BC].lockout << 4 & 0x10) | ((uint8_t)timeline_command_dispatcher->dispatcher[TLCD_ID_DEPLOY_TLM].stop_on_error << 3 & 0x08) | ((uint8_t)timeline_command_dispatcher->dispatcher[TLCD_ID_DEPLOY_TLM].lockout << 2 & 0x04) | (0 << 1 & 0x02) | (0 & 0x01) ),STATUS,,,,,,,"0=DIS, 1=ENA",,,
,OBC.TLC_GS.LOCKOUT_FLAG,,1,,STATUS,,,,,,,"0=NO, 1=YES",,,
,OBC.TLC_BC.SOE_FLAG,,1,,STATUS,,,,,,,"0=DIS, 1=ENA",,,
,OBC.TLC_BC.LOCKOUT_FLAG,,1,,STATUS,,,,,,,"0=NO, 1=YES",,,
,OBC.TLC_TLM.SOE_FLAG,,1,,STATUS,,,,,,,"0=DIS, 1=ENA",,,
,OBC.TLC_TLM.LOCKOUT_FLAG,,1,,STATUS,,,,,,,"0=NO, 1=YES",,,
,OBC.TLC_MIS.SOE_FLAG,,1,,STATUS,,,,,,,"0=DIS, 1=ENA",,,
,OBC.TLC_MIS.LOCKOUT_FLAG,,1,,STATUS,,,,,,,"0=NO, 1=YES",,,
,WDT.IS_ENABLE,_uint8_t,1,(uint8_t)((wdt_config->is_wdt_enable << 7 & 0x80) | (wdt_config->is_clear_enable << 6 & 0x40) | 0x00),STATUS,,,,,,,"0=DIS, 1=ENA",,,
,WDT.IS_CLEAR_ENABLE,,1,,STATUS,,,,,,,"0=DIS, 1=ENA",,,
,DUMMY_DATA0,,6,,NONE,,,,,,,,,,
,WDT.TIMER,uint32_t,,(uint32_t)wdt_config->timer_setting,NONE,,,,,,,,,,
,OBC.BCT_BLK_PTR,uint16_t,,block_command_table->pos.block,NONE,,,,,,,,BCT ブロックポインタ,,
,OBC.BCT_CMD_PTR,uint8_t,,(uint8_t)(block_command_table->pos.cmd),NONE,,,,,,,,BCT コマンドポインタ,,
,OBC.BCT_REGD_TIME,uint32_t,,"((block_command_table->pos.cmd == 0) ? 0 : (uint32_t)BCT_get_ti(block_command_table->pos.block, (uint8_t)(block_command_table->pos.cmd-1)))",NONE,,,,,,,,BCT 登録コマンド時刻,変数指定が大変なことに…,
,OBC.BCT_REGD_ID,uint16_t,,"(uint16_t)((block_command_table->pos.cmd == 0) ? 0 : BCT_get_id(block_command_table->pos.block, (uint8_t)(block_command_table->pos.cmd-1)))",NONE,,,,,,,,BCT 登録コマンドID,変数指定が大変なことに…,
,EL.STATISTICS.RECORD_COUNTER_TOTAL,uint32_t,,event_logger->statistics.record_counter_total,NONE,,,,,,,,,,
,EL.STATISTICS.RECORD_COUNTERS_HIGH,uint16_t,,(uint16_t)event_logger->statistics.record_counters[EL_ERROR_LEVEL_HIGH],NONE,,,,,,,,,データサイズ減らすためにu16,
,EL.STATISTICS.RECORD_COUNTERS_MIDDLE,uint16_t,,(uint16_t)event_logger->statistics.record_counters[EL_ERROR_LEVEL_MIDDLE],NONE,,,,,,,,,データサイズ減らすためにu16,
,EL.STATISTICS.RECORD_COUNTERS_LOW,uint16_t,,(uint16_t)event_logger->statistics.record_counters[EL_ERROR_LEVEL_LOW],NONE,,,,,,,,,データサイズ減らすためにu16,
,EL.STATISTICS.RECORD_COUNTERS_EL,uint16_t,,(uint16_t)event_logger->statistics.record_counters[EL_ERROR_LEVEL_EL],NONE,,,,,,,,,データサイズ減らすためにu16,
,EL.STATISTICS.RECORD_COUNTERS_EH,uint16_t,,(uint16_t)event_logger->statistics.record_counters[EL_ERROR_LEVEL_EH],NONE,,,,,,,,,データサイズ減らすためにu16,
,EL.LATEST_EVENT.GROUP,uint8_t,,(uint8_t)event_logger->latest_event.group,NONE,,,,,,,,,,
,EL.LATEST_EVENT.LOCAL,uint32_t,,event_logger->latest_event.local,NONE,,,,,,,,,,
,EL.LATEST_EVENT.ERR_LEVEL,uint8_t,,(uint8_t)event_logger->latest_event.err_level,STATUS,,,,,,,"0=HIGH, 1=MIDDLE, 2=LOW, 3=EL, 4=EH, *=N/A",,,
,EL.LATEST_EVENT.TIME.TOTAL_CYCLE,uint32_t,,event_logger->latest_event.time.total_cycle,NONE,,,,,,,,,,
,EL.LATEST_EVENT.TIME.STEP,uint8_t,,(uint8_t)event_logger->latest_event.time.step,NONE,,,,,,,,,,
,EL.LATEST_EVENT.NOTE,uint32_t,,event_logger->latest_event.note,NONE,,,,,,,,,u8にしてもよい,
,EL.LATEST_HIGH_EVENT.GROUP,uint8_t,,"(uint8_t)EL_get_the_nth_tlog_from_the_latest(EL_ERROR_LEVEL_HIGH, 0)->group",NONE,,,,,,,,,,
,EL.LATEST_HIGH_EVENT.LOCAL,uint32_t,,"EL_get_the_nth_tlog_from_the_latest(EL_ERROR_LEVEL_HIGH, 0)->local",NONE,,,,,,,,,,
,EL.LATEST_HIGH_EVENT.TIME.TOTAL_CYCLE,uint32_t,,"EL_get_the_nth_tlog_from_the_latest(EL_ERROR_LEVEL_HIGH, 0)->time.total_cycle",NONE,,,,,,,,,,
,EL.LATEST_HIGH_EVENT.TIME.STEP,uint8_t,,"(uint8_t)EL_get_the_nth_tlog_from_the_latest(EL_ERROR_LEVEL_HIGH, 0)->time.step",NONE,,,,,,,,,,
,EL.LATEST_HIGH_EVENT.NOTE,uint16_t,,"(uint16_t)EL_get_the_nth_tlog_from_the_latest(EL_ERROR_LEVEL_HIGH, 0)->note",NONE,,,,,,,,,u8にしてもよい,
,EH.LOG_TABLE.RESPOND_COUNTER,uint32_t,,event_handler->log_table.respond_counter,NONE,,,,,,,,,,
,GIT_REV_CORE,uint32_t,,GIT_REV_CORE_SHORT,HEX,,,,,,,,,,
,GIT_REV_USER,uint32_t,,GIT_REV_USER_SHORT,HEX,,,,,,,,,,
,BCT_BLK_PTR,uint8_t,,(uint8_t)(block_command_table->pos.block),NONE,,,,,,,,BCT ブロックポインタ,,
,BCT_CMD_PTR,uint8_t,,(uint8_t)(block_command_table->pos.cmd),NONE,,,,,,,,BCT コマンドポインタ,,
,BCT_REGD_TIME,uint32_t,,"((block_command_table->pos.cmd == 0) ? 0 : (uint32_t)BCT_get_ti(block_command_table->pos.block, (uint8_t)(block_command_table->pos.cmd-1)))",NONE,,,,,,,,BCT 登録コマンド時刻,,
,BCT_REGD_ID,uint16_t,,"(uint16_t)((block_command_table->pos.cmd == 0) ? 0 : BCT_get_id(block_command_table->pos.block, (uint8_t)(block_command_table->pos.cmd-1)))",NONE,,,,,,,,BCT 登録コマンドID,,
,DUMMY_DATA1,uint32_t,,0,NONE,,,,,,,,,,
,DUMMY_DATA2,uint32_t,,0,NONE,,,,,,,,,,
,DUMMY_DATA3,uint32_t,,0,NONE,,,,,,,,,,
,DUMMY_DATA4,uint32_t,,0,NONE,,,,,,,,,,
,DUMMY_DATA5,uint32_t,,0,NONE,,,,,,,,,,
,DUMMY_DATA6,uint32_t,,0,NONE,,,,,,,,,,
,DUMMY_DATA7,uint32_t,,0,NONE,,,,,,,,,,
,DUMMY_DATA8,uint32_t,,0,NONE,,,,,,,,,,
,DUMMY_DATA9,uint32_t,,0,NONE,,,,,,,,,,
,DUMMY_DATA10,uint32_t,,0,NONE,,,,,,,,,,
,DUMMY_DATA11,uint32_t,,0,NONE,,,,,,,,,,
,DUMMY_DATA12,uint32_t,,0,NONE,,,,,,,,,,
,DUMMY_DATA13,uint32_t,,0,NONE,,,,,,,,,,
,DUMMY_DATA14,uint32_t,,0,NONE,,,,,,,,,,
,DUMMY_DATA15,uint32_t,,0,NONE,,,,,,,,,,
,DUMMY_DATA16,uint32_t,,0,NONE,,,,,,,,,,
,DUMMY_DATA17,uint32_t,,0,NONE,,,,,,,,,,
,DUMMY_DATA18,uint32_t,,0,NONE,,,,,,,,,,
,DUMMY_DATA19,uint32_t,,0,NONE,,,,,,,,,,
,DUMMY_DATA20,uint32_t,,0,NONE,,,,,,,,,,
,DUMMY_DATA21,uint32_t,,0,NONE,,,,,,,,,,
,DUMMY_DATA22,uint32_t,,0,NONE,,,,,,,,,,
,DUMMY_DATA23,uint32_t,,0,NONE,,,,,,,,,,
,DUMMY_DATA24,uint32_t,,0,NONE,,,,,,,,,,
,DUMMY_DATA25,uint32_t,,0,NONE,,,,,,,,,,
,DUMMY_DATA26,uint32_t,,0,NONE,,,,,,,,,,
,DUMMY_DATA27,uint32_t,,0,NONE,,,,,,,,,,
,DUMMY_DATA28,uint32_t,,0,NONE,,,,,,,,,,
,DUMMY_DATA29,uint32_t,,0,NONE,,,,,,,,,,
,DUMMY_DATA30,uint32_t,,0,NONE,,,,,,,,,,
,DUMMY_DATA31,uint32_t,,0,NONE,,,,,,,,,,
,DUMMY_DATA32,uint32_t,,0,NONE,,,,,,,,,,
,DUMMY_DATA33,uint32_t,,0,NONE,,,,,,,,,,
,DUMMY_DATA34,uint32_t,,0,NONE,,,,,,,,,,
,DUMMY_DATA35,uint32_t,,0,NONE,,,,,,,,,,
,DUMMY_DATA36,uint32_t,,0,NONE,,,,,,,,,,
,DUMMY_DATA37,uint32_t,,0,NONE,,,,,,,,,,
,DUMMY_DATA38,uint32_t,,0,NONE,,,,,,,,,,
,DUMMY_DATA39,uint32_t,,0,NONE,,,,,,,,,,
,DUMMY_DATA40,uint32_t,,0,NONE,,,,,,,,,,
,DUMMY_DATA41,uint32_t,,0,NONE,,,,,,,,,,
,DUMMY_DATA42,uint32_t,,0,NONE,,,,,,,,,,
,DUMMY_DATA43,uint32_t,,0,NONE,,,,,,,,,,
,DUMMY_DATA44,uint32_t,,0,NONE,,,,,,,,,,
,DUMMY_DATA45,uint32_t,,0,NONE,,,,,,,,,,
,DUMMY_DATA46,uint32_t,,0,NONE,,,,,,,,,,
,DUMMY_DATA47,uint32_t,,0,NONE,,,,,,,,,,
,DUMMY_DATA48,uint32_t,,0,NONE,,,,,,,,,,
,DUMMY_DATA49,uint32_t,,0,NONE,,,,,,,,,,
,DUMMY_DATA50,uint32_t,,0,NONE,,,,,,,,,,
